Aviso,Nro.,Emisión,Inicio,Fin,Duración,Nivel
Aviso,Nro.,Emisión,Inicio,Fin,Duración,Nivel
INCREMENTO DE TEMPERATURA EN LA SELVA,271,2020-12-31,2021-01-02,2021-01-04,54 Hrs.,AMARILLO
PRECIPITACIONES EN LA SIERRA,270,2020-12-29,2020-12-31,2021-01-02,60 Hrs.,ROJO
LLUVIA EN LA SELVA,269,2020-12-28,2020-12-31,2021-01-02,57 Hrs.,NARANJA
INCREMENTO DE VIENTO EN LA COSTA NORTE,268,2020-12-28,2020-12-29,2020-12-29,9 Hrs.,AMARILLO
PRECIPITACIONES EN LA SIERRA (ACTUALIZACIÓN DEL AVISO N°265),267,2020-12-26,2020-12-27,2020-12-29,36 Hrs.,NARANJA
DESCENSO DE LA TEMPERATURA NOCTURNA EN LA SIERRA,266,2020-12-26,2020-12-28,2020-12-30,57 Hrs.,AMARILLO
PRECIPITACIONES EN LA SIERRA,265,2020-12-24,2020-12-27,2020-12-29,36 Hrs.,NARANJA
LLUVIA EN LA SELVA,264,2020-12-23,2020-12-25,2020-12-28,66 Hrs.,ROJO
PRECIPITACIONES EN LA SIERRA,263,2020-12-22,2020-12-24,2020-12-26,60 Hrs.,NARANJA
PRECIPITACIONES EN LA SIERRA,262,2020-12-20,2020-12-22,2020-12-23,36 Hrs.,NARANJA
LLUVIA EN LA SELVA,261,2020-12-19,2020-12-21,2020-12-22,33 Hrs.,NARANJA
PRECIPITACIONES EN LA SIERRA,260,2020-12-18,2020-12-20,2020-12-22,36 Hrs.,AMARILLO
INCREMENTO DE TEMPERATURA EN LA SELVA,259,2020-12-17,2020-12-18,2020-12-21,78 Hrs.,AMARILLO
PRECIPITACIONES EN LA SIERRA,258,2020-12-16,2020-12-17,2020-12-19,36 Hrs.,NARANJA
LLUVIA EN LA SELVA NORTE,257,2020-12-15,2020-12-16,2020-12-17,30 Hrs.,AMARILLO
LLUVIA EN LA SELVA,256,2020-12-14,2020-12-16,2020-12-17,33 Hrs.,NARANJA
PRECIPITACIONES EN LA SIERRA,255,2020-12-13,2020-12-15,2020-12-15,12 Hrs.,AMARILLO
DESCENSO DE LA TEMPERATURA NOCTURNA EN LA SIERRA SUR,254,2020-12-13,2020-12-15,2020-12-16,30 Hrs.,AMARILLO
PRECIPITACIONES EN LA SIERRA,253,2020-12-11,2020-12-13,2020-12-15,36 Hrs.,NARANJA
LLUVIA EN LA SELVA,252,2020-12-10,2020-12-12,2020-12-14,36 Hrs.,AMARILLO
DESCENSO DE LA TEMPERATURA NOCTURNA EN LA SIERRA SUR,251,2020-12-08,2020-12-10,2020-12-11,30 Hrs.,AMARILLO
PRECIPITACIONES EN LA SIERRA,250,2020-12-08,2020-12-09,2020-12-11,48 Hrs.,AMARILLO
PRECIPITACIONES EN LA SIERRA,249,2020-12-07,2020-12-08,2020-12-09,39 Hrs.,NARANJA
PRECIPITACIONES EN LA SIERRA,248,2020-12-04,2020-12-06,2020-12-08,42 Hrs.,NARANJA
LLUVIA EN LA SELVA,247,2020-12-03,2020-12-05,2020-12-08,57 Hrs.,NARANJA
LLUVIA EN SELVA,246,2020-12-02,2020-12-03,2020-12-05,42 Hrs.,NARANJA
PRECIPITACIONES EN LA SIERRA,245,2020-12-01,2020-12-03,2020-12-06,60 Hrs.,NARANJA
PRECIPITACIONES EN LA SIERRA,244,2020-11-29,2020-12-01,2020-12-03,36 Hrs.,AMARILLO
PRECIPITACIONES EN LA SIERRA,243,2020-11-25,2020-11-27,2020-11-29,36 Hrs.,NARANJA
LLUVIA EN LA SELVA,242,2020-11-25,2020-11-27,2020-11-29,54 Hrs.,NARANJA
INCREMENTO DE TEMPERATURA EN LA SELVA,241,2020-11-22,2020-11-24,2020-11-25,33 Hrs.,ROJO
INCREMENTO DE VIENTO EN LA COSTA,240,2020-11-20,2020-11-23,2020-11-24,27 Hrs.,AMARILLO
INCREMENTO DE TEMPERATURA EN LA SELVA,239,2020-11-19,2020-11-22,2020-11-23,33 Hrs.,NARANJA
PRECIPITACIONES EN LA SIERRA NORTE Y CENTRO,238,2020-11-19,2020-11-21,2020-11-23,36 Hrs.,NARANJA
PRECIPITACIONES EN LA SIERRA CENTRO,237,2020-11-17,2020-11-19,2020-11-21,45 Hrs.,NARANJA
DESCENSO DE LA TEMPERATURA NOCTURNA EN LA SIERRA,236,2020-11-17,2020-11-18,2020-11-19,27 Hrs.,AMARILLO
LLUVIA EN LA SELVA,235,2020-11-16,2020-11-18,2020-11-21,54 Hrs.,NARANJA
DESCENSO DE LA TEMPERATURA NOCTURNA EN LA SIERRA,234,2020-11-13,2020-11-16,2020-11-18,54 Hrs.,NARANJA
LLUVIA EN LA SELVA SUR,233,2020-11-11,2020-11-13,2020-11-14,30 Hrs.,AMARILLO
DESCENSO DE LA TEMPERATURA NOCTURNA EN LA SIERRA,232,2020-11-11,2020-11-13,2020-11-15,54 Hrs.,AMARILLO
PRECIPITACIONES EN LA SIERRA,231,2020-11-09,2020-11-11,2020-11-13,36 Hrs.,AMARILLO
LLUVIA EN LA SELVA,230,2020-11-09,2020-11-10,2020-11-12,36 Hrs.,AMARILLO
DESCENSO DE LA TEMPERATURA NOCTURNA EN LA SIERRA,229,2020-11-08,2020-11-10,2020-11-11,33 Hrs.,AMARILLO
LLUVIA EN LA SELVA NORTE,228,2020-11-08,2020-11-09,2020-11-12,54 Hrs.,AMARILLO
INCREMENTO DE TEMPERATURA EN LA SELVA,227,2020-11-06,2020-11-08,2020-11-09,33 Hrs.,NARANJA
LLUVIA Y NEVADA EN LA SIERRA SUR,226,2020-11-05,2020-11-07,2020-11-09,42 Hrs.,AMARILLO
LLUVIA EN LA SELVA NORTE,225,2020-11-05,2020-11-07,2020-11-08,30 Hrs.,AMARILLO
INCREMENTO DE TEMPERATURA EN LA SELVA (ACTUALIZACIÓN DEL AVISO N°223),224,2020-11-05,2020-11-05,2020-11-07,57 Hrs.,ROJO
INCREMENTO DE TEMPERATURA EN LA SELVA,223,2020-11-04,2020-11-05,2020-11-07,57 Hrs.,NARANJA
LLUVIA Y NEVADA EN LA SIERRA,222,2020-11-01,2020-11-03,2020-11-05,42 Hrs.,NARANJA
DESCENSO DE LA TEMPERATURA NOCTURNA EN LA SIERRA CENTRO Y SUR,221,2020-10-31,2020-11-02,2020-11-03,33 Hrs.,NARANJA
DESCENSO DE LA TEMPERATURA NOCTURNA EN LA SIERRA NORTE,220,2020-10-30,2020-11-01,2020-11-03,57 Hrs.,NARANJA
"DÉCIMO SEXTO FRIAJE DEL AÑO
(ACTUALIZACIÓN DEL AVISO N°217)",219,2020-10-29,2020-10-30,2020-11-02,63 Hrs.,AMARILLO
DESCENSO DE LA TEMPERATURA NOCTURNA EN LA SIERRA SUR,218,2020-10-28,2020-10-30,2020-10-31,30 Hrs.,AMARILLO
DÉCIMO SEXTO FRIAJE DEL AÑO,217,2020-10-27,2020-10-30,2020-11-01,48 Hrs.,AMARILLO
LLUVIA EN SELVA,216,2020-10-27,2020-10-29,2020-11-01,60 Hrs.,ROJO
PRECIPITACIONES EN LA SIERRA NORTE Y CENTRO,215,2020-10-27,2020-10-29,2020-10-31,57 Hrs.,NARANJA
LLUVIA EN LA SELVA,214,2020-10-25,2020-10-27,2020-10-29,54 Hrs.,NARANJA
DESCENSO DE TEMPERATURA NOCTURNA EN LA SIERRA,213,2020-10-25,2020-10-27,2020-10-29,54 Hrs.,NARANJA
PRECIPITACIONES EN LA SIERRA CENTRO Y NORTE,212,2020-10-21,2020-10-23,2020-10-25,42 Hrs.,AMARILLO
INCREMENTO DE TEMPERATURA EN LA SELVA,211,2020-10-21,2020-10-23,2020-10-25,57 Hrs.,AMARILLO
"INCREMENTO DE VIENTO EN LA COSTA
(EXTENSIÓN DEL AVISO N°207)",210,2020-10-19,2020-10-19,2020-10-22,60 Hrs.,AMARILLO
LLUVIA Y NEVADA EN LA SIERRA,209,2020-10-18,2020-10-20,2020-10-23,66 Hrs.,NARANJA
PRECIPITACIONES EN LA SIERRA,208,2020-10-16,2020-10-18,2020-10-20,39 Hrs.,NARANJA
INCREMENTO DE VIENTO EN LA COSTA,207,2020-10-16,2020-10-19,2020-10-21,36 Hrs.,AMARILLO
DESCENSO DE LA TEMPERATURA NOCTURNA EN LA SIERRA,206,2020-10-16,2020-10-18,2020-10-20,54 Hrs.,NARANJA
LLUVIA EN LA SELVA,205,2020-10-13,2020-10-15,2020-10-17,39 Hrs.,NARANJA
PRECIPITACIONES EN LA SIERRA,204,2020-10-12,2020-10-14,2020-10-17,69 Hrs.,NARANJA
INCREMENTO DE TEMPERATURA EN LA SELVA,203,2020-10-09,2020-10-12,2020-10-13,33 Hrs.,NARANJA
PRECIPITACIONES EN LA SIERRA SUR,202,2020-10-09,2020-10-11,2020-10-14,66 Hrs.,NARANJA
DESCENSO DE LA TEMPERATURA NOCTURNA EN LA SIERRA,201,2020-10-08,2020-10-10,2020-10-13,75 Hrs.,AMARILLO
INCREMENTO DE TEMPERATURA EN LA SELVA,200,2020-10-07,2020-10-09,2020-10-11,57 Hrs.,ROJO
LLUVIA EN LA SELVA NORTE,199,2020-10-06,2020-10-08,2020-10-10,48 Hrs.,NARANJA
PRECIPITACIONES EN LA SIERRA (ACTUALIZACIÓN DEL AVISO N°197),198,2020-10-06,2020-10-06,2020-10-09,81 Hrs.,NARANJA
PRECIPITACIONES EN LA SIERRA,197,2020-10-05,2020-10-06,2020-10-09,81 Hrs.,NARANJA
INCREMENTO DE TEMPERATURA EN LA SELVA,196,2020-10-02,2020-10-05,2020-10-06,33 Hrs.,NARANJA
INCREMENTO DE VIENTO EN LA SIERRA,195,2020-10-01,2020-10-03,2020-10-05,54 Hrs.,AMARILLO
INCREMENTO DE VIENTO EN LA COSTA,194,2020-10-01,2020-10-02,2020-10-04,57 Hrs.,NARANJA
PRECIPITACIONES EN LA SIERRA SUR,193,2020-09-30,2020-10-02,2020-10-04,45 Hrs.,NARANJA
PRECIPITACIONES EN LA SIERRA,192,2020-09-26,2020-09-28,2020-10-01,69 Hrs.,NARANJA
LLUVIA EN LA SELVA,191,2020-09-25,2020-09-28,2020-10-01,69 Hrs.,NARANJA
LLUVIA EN LA SELVA,190,2020-09-20,2020-09-22,2020-09-25,69 Hrs.,NARANJA
DESCENSO DE LA TEMPERATURA NOCTURNA EN LA SIERRA SUR,189,2020-09-19,2020-09-22,2020-09-24,57 Hrs.,NARANJA
LLUVIA EN LA SELVA,188,2020-09-18,2020-09-20,2020-09-22,48 Hrs.,NARANJA
PRECIPITACIONES EN LA SIERRA SUR,187,2020-09-15,2020-09-16,2020-09-18,36 Hrs.,NARANJA
PRECIPITACIONES EN LA SIERRA NORTE  Y CENTRO,186,2020-09-15,2020-09-16,2020-09-18,57 Hrs.,NARANJA
NEVADA EN LA SIERRA SUR,185,2020-09-11,2020-09-13,2020-09-16,60 Hrs.,ROJO
INCREMENTO DE LA TEMPERATURA DIURNA EN LA SELVA,184,2020-09-08,2020-09-10,2020-09-12,54 Hrs.,AMARILLO
INCREMENTO DE VIENTO EN LA COSTA,183,2020-09-08,2020-09-10,2020-09-12,57 Hrs.,AMARILLO
DESCENSO DE LA TEMPERATURA NOCTURNA EN LA SIERRA,182,2020-09-07,2020-09-10,2020-09-12,57 Hrs.,AMARILLO
DESCENSO DE LA TEMPERATURA NOCTURNA EN LA SIERRA SUR,181,2020-08-31,2020-09-02,2020-09-04,57 Hrs.,NARANJA
LLUVIA EN LA SELVA NORTE Y CENTRAL,180,2020-08-30,2020-09-01,2020-09-03,48 Hrs.,AMARILLO
PRECIPITACIONES EN LA SIERRA SUR,179,2020-08-28,2020-08-31,2020-09-01,30 Hrs.,AMARILLO
INCREMENTO DE VIENTO EN LA COSTA,178,2020-08-28,2020-08-31,2020-09-02,57 Hrs.,NARANJA
INCREMENTO DE LA TEMPERATURA DIURNA EN LA SELVA,177,2020-08-27,2020-08-28,2020-08-30,54 Hrs.,NARANJA
DESCENSO DE LA TEMPERATURA NOCTURNA EN LA SIERRA CENTRO,176,2020-08-26,2020-08-28,2020-08-30,57 Hrs.,AMARILLO
INCREMENTO DE VIENTO EN LA COSTA (EXTENSIÓN DEL AVISO 174),175,2020-08-26,2020-08-27,2020-08-28,24 Hrs.,NARANJA
INCREMENTO DE VIENTO EN LA COSTA,174,2020-08-23,2020-08-25,2020-08-27,57 Hrs.,NARANJA
NEVADA EN LA SIERRA CENTRAL Y SUR,173,2020-08-22,2020-08-23,2020-08-25,57 Hrs.,NARANJA
INCREMENTO DE VIENTO EN LA SELVA,172,2020-08-18,2020-08-20,2020-08-22,57 Hrs.,NARANJA
DESCENSO DE LA TEMPERATURA NOCTURNA EN LA SIERRA CENTRO Y SUR,171,2020-08-17,2020-08-18,2020-08-20,54 Hrs.,NARANJA
INCREMENTO DE VIENTO EN LA COSTA,170,2020-08-16,2020-08-18,2020-08-20,57 Hrs.,NARANJA
DÉCIMO CUARTO FRIAJE DEL AÑO,169,2020-08-15,2020-08-20,2020-08-23,60 Hrs.,NARANJA
LLUVIA EN LA SELVA,168,2020-08-15,2020-08-20,2020-08-22,45 Hrs.,NARANJA
INCREMENTO DE VIENTO EN LA SIERRA SUR (EXTENSIÓN DEL AVISO 165),167,2020-08-14,2020-08-15,2020-08-17,54 Hrs.,NARANJA
DESCENSO DE LA TEMPERATURA NOCTURNA EN LA SIERRA CENTRO Y SUR,166,2020-08-13,2020-08-14,2020-08-16,57 Hrs.,NARANJA
INCREMENTO DE VIENTO EN LA SIERRA SUR,165,2020-08-12,2020-08-12,2020-08-14,51 Hrs.,NARANJA
INCREMENTO DE VIENTO EN LA COSTA,164,2020-08-12,2020-08-14,2020-08-16,57 Hrs.,NARANJA
INCREMENTO DE VIENTO EN LA REGIÓN NORTE,163,2020-08-05,2020-08-07,2020-08-09,57 Hrs.,NARANJA
DESCENSO DE LA TEMPERATURA NOCTURNA EN LA SIERRA CENTRO,162,2020-08-04,2020-08-06,2020-08-07,33 Hrs.,NARANJA
INCREMENTO DE TEMPERATURA DIURNA EN LA SELVA,161,2020-08-03,2020-08-05,2020-08-06,30 Hrs.,AMARILLO
DESCENSO DE LA TEMPERATURA NOCTURNA EN LA SIERRA NORTE (EXTENSIÓN DEL AVISO N° 158),160,2020-08-03,2020-08-05,2020-08-07,57 Hrs.,AMARILLO
DESCENSO DE LA TEMPERATURA NOCTURNA EN LA SIERRA CENTRO,159,2020-07-31,2020-08-03,2020-08-05,57 Hrs.,NARANJA
DESCENSO DE LA TEMPERATURA NOCTURNA EN LA SIERRA NORTE,158,2020-07-31,2020-08-02,2020-08-04,57 Hrs.,AMARILLO
INCREMENTO DE LA TEMPERATURA EN LA SELVA,157,2020-07-30,2020-08-01,2020-08-04,78 Hrs.,NARANJA
DESCENSO DE LA TEMPERATURA NOCTURNA EN LA SIERRA CENTRO,156,2020-07-29,2020-07-31,2020-08-02,57 Hrs.,NARANJA
DESCENSO DE LA TEMPERATURA NOCTURNA EN LA SIERRA SUR,155,2020-07-28,2020-07-30,2020-07-31,33 Hrs.,NARANJA
DÉCIMO TERCER FRIAJE DEL AÑO,154,2020-07-28,2020-07-30,2020-07-31,33 Hrs.,AMARILLO
DESCENSO DE LA TEMPERATURA NOCTURNA EN LA SIERRA CENTRO Y SUR,153,2020-07-25,2020-07-27,2020-07-29,57 Hrs.,NARANJA
LLUVIA EN LA SELVA,152,2020-07-23,2020-07-25,2020-07-26,45 Hrs.,AMARILLO
DESCENSO DE LA TEMPERATURA NOCTURNA EN LA SIERRA CENTRO Y SUR,151,2020-07-21,2020-07-24,2020-07-26,57 Hrs.,NARANJA
INCREMENTO DE VIENTO EN LA COSTA,150,2020-07-21,2020-07-23,2020-07-25,57 Hrs.,NARANJA
DESCENSO DE LA TEMPERATURA NOCTURNA EN LA SIERRA CENTRO,149,2020-07-20,2020-07-21,2020-07-23,57 Hrs.,NARANJA
INCREMENTO DE VIENTO EN LA COSTA,148,2020-07-19,2020-07-20,2020-07-22,57 Hrs.,NARANJA
DESCENSO DE LA TEMPERATURA NOCTURNA EN LA SIERRA CENTRO,147,2020-07-16,2020-07-18,2020-07-20,57 Hrs.,NARANJA
DESCENSO DE LA TEMPERATURA NOCTURNA EN LA SIERRA NORTE,146,2020-07-15,2020-07-17,2020-07-19,57 Hrs.,AMARILLO
DESCENSO DE LA TEMPERATURA NOCTURNA EN LA SIERRA SUR,145,2020-07-14,2020-07-16,2020-07-17,33 Hrs.,NARANJA
DESCENSO DE LA TEMPERATURA NOCTURNA EN LA SIERRA SUR (EXTENSIÓN DEL AVISO N°143),144,2020-07-10,2020-07-12,2020-07-13,33 Hrs.,NARANJA
DESCENSO DE LA TEMPERATURA NOCTURNA EN LA SIERRA SUR,143,2020-07-08,2020-07-10,2020-07-11,33 Hrs.,NARANJA
UNDÉCIMO FRIAJE DEL AÑO,142,2020-07-08,2020-07-10,2020-07-12,48 Hrs.,AMARILLO
PRECIPITACIONES EN LA SIERRA NORTE Y CENTRO,141,2020-07-07,2020-07-08,2020-07-10,48 Hrs.,NARANJA
LLUVIA EN LA SELVA,140,2020-07-07,2020-07-08,2020-07-10,48 Hrs.,NARANJA
DESCENSO DE LA TEMPERATURA NOCTURNA EN LA SIERRA CENTRO Y SUR,139,2020-07-06,2020-07-07,2020-07-09,54 Hrs.,ROJO
INCREMENTO DE VIENTO EN LA COSTA,138,2020-07-04,2020-07-06,2020-07-09,60 Hrs.,NARANJA
DESCENSO DE LA TEMPERATURA NOCTURNA EN LA SIERRA CENTRO Y SUR,137,2020-06-30,2020-07-02,2020-07-05,78 Hrs.,NARANJA
DÉCIMO FRIAJE DEL AÑO,136,2020-06-30,2020-07-02,2020-07-05,75 Hrs.,AMARILLO
LLUVIA EN LA SELVA,135,2020-06-30,2020-07-01,2020-07-04,72 Hrs.,NARANJA
DESCENSO DE LA TEMPERATURA NOCTURNA EN LA SIERRA CENTRO Y SUR,134,2020-06-27,2020-06-29,2020-07-01,57 Hrs.,NARANJA
LLUVIA EN LA SELVA SUR,133,2020-06-24,2020-06-26,2020-06-27,33 Hrs.,AMARILLO
DESCENSO DE LA TEMPERATURA NOCTURNA EN LA SIERRA CENTRO Y SUR,132,2020-06-24,2020-06-26,2020-06-28,57 Hrs.,NARANJA
DESCENSO DE LA TEMPERATURA NOCTURNA EN LA SIERRA CENTRO Y SUR,131,2020-06-19,2020-06-23,2020-06-25,57 Hrs.,NARANJA
DESCENSO DE LA TEMPERATURA NOCTURNA EN LA SIERRA CENTRO Y SUR,130,2020-06-16,2020-06-18,2020-06-21,81 Hrs.,NARANJA
PRECIPITACIONES EN LA SIERRA CENTRO Y SUR,129,2020-06-15,2020-06-16,2020-06-17,33 Hrs.,AMARILLO
INCREMENTO DE VIENTO EN LA COSTA,128,2020-06-15,2020-06-17,2020-06-19,36 Hrs.,NARANJA
DESCENSO DE LA TEMPERATURA NOCTURNA EN LA SIERRA,127,2020-06-09,2020-06-11,2020-06-13,57 Hrs.,NARANJA
INCREMENTO DE TEMPERATURA DIURNA EN LA SELVA,126,2020-06-09,2020-06-11,2020-06-13,57 Hrs.,AMARILLO
DESCENSO DE LA TEMPERATURA NOCTURNA EN LA SIERRA NORTE Y CENTRO,125,2020-06-07,2020-06-09,2020-06-10,33 Hrs.,NARANJA
PRECIPITACIONES EN LA SIERRA SUR,124,2020-06-04,2020-06-06,2020-06-09,60 Hrs.,AMARILLO
PRECIPITACIONES EN LA SIERRA NORTE Y CENTRO,123,2020-06-01,2020-06-03,2020-06-05,36 Hrs.,AMARILLO
LLUVIA EN LA SELVA NORTE Y CENTRAL,122,2020-06-01,2020-06-03,2020-06-05,48 Hrs.,NARANJA
DESCENSO DE LA TEMPERATURA NOCTURNA EN LA SIERRA CENTRO Y SUR,121,2020-05-31,2020-06-02,2020-06-04,54 Hrs.,NARANJA
INCREMENTO DE VIENTO EN LA COSTA,120,2020-05-31,2020-06-03,2020-06-04,33 Hrs.,NARANJA
INCREMENTO DE VIENTO EN LA COSTA (EXTENSIÓN DEL AVISO N° 118),119,2020-05-31,2020-06-01,2020-06-01,9 Hrs.,NARANJA
INCREMENTO DE VIENTO EN LA COSTA,118,2020-05-28,2020-05-30,2020-06-01,48 Hrs.,NARANJA
ACTUALIZACIÓN Y EXTENSIÓN DEL QUINTO FRIAJE DEL AÑO (ACTUALIZACIÓN DEL AVISO 115),117,2020-05-26,2020-05-27,2020-05-29,57 Hrs.,AMARILLO
DESCENSO DE LA TEMPERATURA NOCTURNA EN LA SIERRA,116,2020-05-25,2020-05-27,2020-05-29,57 Hrs.,NARANJA
ACTUALIZACIÓN Y EXTENSIÓN DEL QUINTO FRIAJE DEL AÑO,115,2020-05-25,2020-05-27,2020-05-29,57 Hrs.,ROJO
DESCENSO DE LA TEMPERATURA NOCTURNA EN LA SIERRA CENTRAL Y SUR,114,2020-05-21,2020-05-24,2020-05-26,54 Hrs.,NARANJA
QUINTO FRIAJE DEL AÑO,113,2020-05-21,2020-05-24,2020-05-26,57 Hrs.,NARANJA
LLUVIA EN LA SELVA,112,2020-05-20,2020-05-22,2020-05-24,54 Hrs.,NARANJA
INCREMENTO DE VIENTO EN LA COSTA,111,2020-05-18,2020-05-20,2020-05-22,57 Hrs.,NARANJA
DESCENSO DE LA TEMPERATURA NOCTURNA EN LA SIERRA SUR,110,2020-05-18,2020-05-19,2020-05-21,54 Hrs.,AMARILLO
DESCENSO DE TEMPERATURA NOCTURNA EN LA SIERRA CENTRAL Y SUR,109,2020-05-13,2020-05-15,2020-05-17,54 Hrs.,NARANJA
CUARTO FRIAJE DEL AÑO,108,2020-05-12,2020-05-15,2020-05-17,57 Hrs.,AMARILLO
INCREMENTO DE VIENTO EN LA COSTA,107,2020-05-12,2020-05-13,2020-05-14,33 Hrs.,AMARILLO
LLUVIA EN LA SELVA,106,2020-05-11,2020-05-14,2020-05-16,48 Hrs.,NARANJA
INCREMENTO DE VIENTO EN LA COSTA CENTRAL,105,2020-05-09,2020-05-10,2020-05-12,57 Hrs.,AMARILLO
DESCENSO DE LA TEMPERATURA NOCTURNA EN LA SIERRA CENTRO Y SUR,104,2020-05-08,2020-05-11,2020-05-13,57 Hrs.,NARANJA
TERCER FRIAJE DEL AÑO,103,2020-05-04,2020-05-07,2020-05-09,57 Hrs.,NARANJA
LLUVIA EN LA SELVA,102,2020-05-04,2020-05-06,2020-05-09,66 Hrs.,ROJO
PRECIPITACIONES EN LA SIERRA CENTRO Y SUR,101,2020-05-03,2020-05-05,2020-05-08,72 Hrs.,NARANJA
LLUVIA EN LA SELVA,100,2020-04-28,2020-04-29,2020-05-02,63 Hrs.,NARANJA
INCREMENTO DE VIENTO EN LA COSTA,099,2020-04-24,2020-04-26,2020-04-28,57 Hrs.,NARANJA
PRECIPITACIONES EN LA SIERRA NORTE,098,2020-04-24,2020-04-26,2020-04-28,36 Hrs.,AMARILLO
LLUVIA EN LA SELVA,097,2020-04-24,2020-04-25,2020-04-28,60 Hrs.,NARANJA
DESCENSO DE TEMPERATURA NOCTURNA EN LA SIERRA CENTRAL Y SUR,096,2020-04-20,2020-04-22,2020-04-24,54 Hrs.,NARANJA
DESCENSO DE TEMPERATURA NOCTURNA EN LA SIERRA CENTRAL Y NORTE,095,2020-04-20,2020-04-21,2020-04-22,30 Hrs.,AMARILLO
SEGUNDO FRIAJE DEL AÑO (EXTENSIÓN DEL AVISO N°092),094,2020-04-16,2020-04-18,2020-04-19,33 Hrs.,AMARILLO
INCREMENTO DE VIENTO EN LA COSTA,093,2020-04-15,2020-04-16,2020-04-17,33 Hrs.,AMARILLO
SEGUNDO FRIAJE DEL AÑO,092,2020-04-14,2020-04-16,2020-04-17,36 Hrs.,AMARILLO
LLUVIA EN LA SELVA,091,2020-04-12,2020-04-14,2020-04-17,60 Hrs.,NARANJA
DESCENSO DE TEMPERATURA NOCTURNA EN LA SIERRA,090,2020-04-12,2020-04-14,2020-04-16,54 Hrs.,NARANJA
INCREMENTO DE VIENTO EN LA COSTA,089,2020-04-10,2020-04-12,2020-04-13,33 Hrs.,AMARILLO
PRECIPITACIONES EN LA SIERRA NORTE,088,2020-04-10,2020-04-12,2020-04-14,42 Hrs.,AMARILLO
DESCENSO DE TEMPERATURA NOCTURNA EN LA SIERRA CENTRAL Y SUR,087,2020-04-08,2020-04-10,2020-04-13,78 Hrs.,NARANJA
LLUVIA EN LA SELVA,086,2020-04-08,2020-04-09,2020-04-12,75 Hrs.,NARANJA
PRECIPITACIONES EN LA SIERRA NORTE Y CENTRAL,085,2020-04-07,2020-04-09,2020-04-11,42 Hrs.,ROJO
INCREMENTO DE TEMPERATURA EN LA COSTA NORTE,084,2020-04-06,2020-04-07,2020-04-08,30 Hrs.,NARANJA
PRECIPITACIONES EN LA SIERRA,083,2020-04-06,2020-04-07,2020-04-09,39 Hrs.,NARANJA
LLUVIA EN LA SELVA,082,2020-04-06,2020-04-07,2020-04-09,57 Hrs.,NARANJA
PRECIPITACIONES EN LA SIERRA,081,2020-04-03,2020-04-04,2020-04-06,42 Hrs.,NARANJA
INCREMENTO DE VIENTO EN LA SIERRA NORTE Y CENTRAL,080,2020-04-01,2020-04-02,2020-04-04,48 Hrs.,AMARILLO
INCREMENTO DE VIENTO EN LA COSTA,079,2020-03-30,2020-04-01,2020-04-03,57 Hrs.,AMARILLO
LLUVIA EN LA SELVA,078,2020-03-29,2020-03-30,2020-04-01,48 Hrs.,NARANJA
PRECIPITACIONES EN LA SIERRA,077,2020-03-28,2020-03-30,2020-04-01,54 Hrs.,NARANJA
PRECIPITACIONES EN LA SIERRA CENTRAL Y SUR,076,2020-03-25,2020-03-26,2020-03-30,81 Hrs.,NARANJA
INCREMENTO DE TEMPERATURA EN LA COSTA NORTE,075,2020-03-25,2020-03-26,2020-03-29,81 Hrs.,AMARILLO
LLUVIA EN LA SELVA,074,2020-03-24,2020-03-26,2020-03-30,84 Hrs.,NARANJA
PRECIPITACIONES EN LA SIERRA,073,2020-03-23,2020-03-24,2020-03-26,57 Hrs.,NARANJA
INCREMENTO DE TEMPERATURA EN LA COSTA,072,2020-03-19,2020-03-20,2020-03-22,57 Hrs.,AMARILLO
LLUVIA EN LA SELVA,071,2020-03-19,2020-03-20,2020-03-23,75 Hrs.,NARANJA
DESCENSO DE TEMPERATURA NOCTURNA EN LA SIERRA NORTE,070,2020-03-18,2020-03-21,2020-03-23,54 Hrs.,AMARILLO
PRECIPITACIONES EN LA SIERRA CENTRAL Y SUR,069,2020-03-17,2020-03-18,2020-03-20,42 Hrs.,ROJO
PRECIPITACIONES EN LA SIERRA,068,2020-03-14,2020-03-16,2020-03-18,42 Hrs.,ROJO
LLUVIA EN LA SELVA,067,2020-03-13,2020-03-15,2020-03-18,63 Hrs.,ROJO
PRECIPITACIONES EN LA SIERRA NORTE,066,2020-03-12,2020-03-14,2020-03-16,42 Hrs.,NARANJA
PRECIPITACIONES EN LA SIERRA,065,2020-03-11,2020-03-12,2020-03-14,42 Hrs.,NARANJA
INCREMENTO DE VIENTO EN LA COSTA,064,2020-03-10,2020-03-13,2020-03-15,57 Hrs.,AMARILLO
PRECIPITACIONES EN LA SIERRA,063,2020-03-09,2020-03-10,2020-03-12,48 Hrs.,NARANJA
LLUVIA EN LA SELVA,062,2020-03-08,2020-03-09,2020-03-11,45 Hrs.,NARANJA
INCREMENTO DE TEMPERATURA EN LA COSTA,061,2020-03-07,2020-03-08,2020-03-10,54 Hrs.,AMARILLO
LLUVIA EN LA COSTA Y SIERRA NORTE (ACTUALIZACIÓN DEL AVISO N°059),060,2020-03-07,2020-03-07,2020-03-08,18 Hrs.,ROJO
LLUVIA EN LA COSTA Y SIERRA NORTE,059,2020-03-04,2020-03-06,2020-03-08,42 Hrs.,NARANJA
DESCENSO DE LA TEMPERATURA NOCTURNA EN LA SIERRA SUR,058,2020-03-03,2020-03-04,2020-03-07,84 Hrs.,NARANJA
LLUVIA EN LA SELVA NORTE,057,2020-03-02,2020-03-04,2020-03-06,60 Hrs.,NARANJA
INCREMENTO DE VIENTO EN LA COSTA,056,2020-03-01,2020-03-03,2020-03-05,48 Hrs.,AMARILLO
PRECIPITACIONES EN LA SIERRA (MODIFICACIÓN DE AVISO N°053),055,2020-02-28,2020-02-29,2020-03-03,72 Hrs.,ROJO
LLUVIA EN LA SELVA,054,2020-02-27,2020-02-28,2020-03-02,60 Hrs.,ROJO
PRECIPITACIONES EN LA SIERRA,053,2020-02-26,2020-02-28,2020-03-01,57 Hrs.,ROJO
PRECIPITACIONES EN LA SIERRA CENTRO Y SUR (ACTUALIZACIÓN DEL AVISO N°051),052,2020-02-26,2020-02-26,2020-02-28,42 Hrs.,NARANJA
PRECIPITACIONES EN LA SIERRA CENTRO Y SUR,051,2020-02-24,2020-02-26,2020-02-28,42 Hrs.,NARANJA
LLUVIA EN LA SELVA,050,2020-02-24,2020-02-26,2020-02-28,60 Hrs.,NARANJA
INCREMENTO DE VIENTO EN LA COSTA,049,2020-02-23,2020-02-25,2020-02-28,60 Hrs.,AMARILLO
"PRECIPITACIONES EN LA SIERRA CENTRO Y SUR 
(EXTENSIÓN DEL AVISO N°047)",048,2020-02-22,2020-02-24,2020-02-25,24 Hrs.,ROJO
PRECIPITACIONES EN LA SIERRA CENTRO Y SUR,047,2020-02-20,2020-02-21,2020-02-24,72 Hrs.,ROJO
INCREMENTO DE TEMPERATURA EN LA COSTA,046,2020-02-19,2020-02-20,2020-02-23,81 Hrs.,NARANJA
PRIMER FRIAJE DEL AÑO,045,2020-02-19,2020-02-21,2020-02-24,90 Hrs.,AMARILLO
LLUVIA EN LA SELVA,044,2020-02-19,2020-02-21,2020-02-24,72 Hrs.,ROJO
INCREMENTO DE VIENTO EN LA SIERRA NORTE,043,2020-02-15,2020-02-17,2020-02-18,33 Hrs.,NARANJA
INCREMENTO DE TEMPERATURA DIURNA EN LA COSTA NORTE,042,2020-02-15,2020-02-16,2020-02-18,54 Hrs.,NARANJA
LLUVIA EN LA SELVA,041,2020-02-14,2020-02-16,2020-02-19,72 Hrs.,NARANJA
PRECIPITACIONES EN LA SIERRA CENTRO Y SUR,040,2020-02-14,2020-02-16,2020-02-19,72 Hrs.,NARANJA
LLUVIA EN LA SELVA CENTRO Y SUR,039,2020-02-12,2020-02-13,2020-02-15,48 Hrs.,NARANJA
PRECIPITACIONES EN LA SIERRA SUR,038,2020-02-12,2020-02-13,2020-02-15,57 Hrs.,NARANJA
INCREMENTO DE TEMPERATURA EN LA COSTA NORTE,037,2020-02-11,2020-02-12,2020-02-14,66 Hrs.,NARANJA
LLUVIA EN LA SELVA CENTRO Y SUR,036,2020-02-10,2020-02-11,2020-02-12,24 Hrs.,NARANJA
PRECIPITACIONES EN LA SIERRA (ACTUALIZACIóN DEL AVISO N° 034),035,2020-02-10,2020-02-10,2020-02-13,72 Hrs.,ROJO
PRECIPITACIONES EN LA SIERRA,034,2020-02-08,2020-02-10,2020-02-13,72 Hrs.,NARANJA
INCREMENTO DE VIENTO EN LA COSTA,033,2020-02-08,2020-02-10,2020-02-13,60 Hrs.,AMARILLO
LLUVIA EN LA SELVA,032,2020-02-07,2020-02-08,2020-02-11,60 Hrs.,NARANJA
PRECIPITACIONES EN LA SIERRA CENTRO Y SUR,031,2020-02-06,2020-02-08,2020-02-10,57 Hrs.,NARANJA
INCREMENTO DE VIENTO EN LA COSTA,030,2020-02-05,2020-02-07,2020-02-09,36 Hrs.,NARANJA
PRECIPITACIONES EN LA SIERRA,029,2020-02-03,2020-02-04,2020-02-06,57 Hrs.,NARANJA
LLUVIA EN LA SELVA,028,2020-02-02,2020-02-04,2020-02-06,60 Hrs.,NARANJA
PRECIPITACIONES EN LA SIERRA,027,2020-02-01,2020-02-02,2020-02-04,48 Hrs.,ROJO
LLUVIA EN LA SELVA,026,2020-01-30,2020-01-31,2020-02-03,72 Hrs.,ROJO
PRECIPITACIONES EN LA SIERRA,025,2020-01-29,2020-01-31,2020-02-02,57 Hrs.,NARANJA
INCREMENTO DE TEMPERATURA EN LA COSTA NORTE,024,2020-01-27,2020-01-27,2020-01-29,54 Hrs.,NARANJA
PRECIPITACIONES EN LA SIERRA,023,2020-01-26,2020-01-27,2020-01-29,48 Hrs.,NARANJA
PRECIPITACIONES EN LA SIERRA,022,2020-01-23,2020-01-25,2020-01-27,60 Hrs.,NARANJA
PRECIPITACIONES EN LA SIERRA CENTRAL Y SUR (ACTUALIZACIóN DEL AVISO N°018),021,2020-01-23,2020-01-23,2020-01-25,36 Hrs.,ROJO
LLUVIA EN LA COSTA Y SIERRA NORTE,020,2020-01-22,2020-01-23,2020-01-25,48 Hrs.,AMARILLO
INCREMENTO DE TEMPERATURA EN LA COSTA,019,2020-01-20,2020-01-22,2020-01-24,54 Hrs.,AMARILLO
PRECIPITACIONES EN LA SIERRA CENTRAL Y SUR,018,2020-01-20,2020-01-22,2020-01-25,72 Hrs.,ROJO
INCREMENTO DE TEMPERATURA DIURNA EN LA COSTA NORTE,017,2020-01-20,2020-01-21,2020-01-22,30 Hrs.,NARANJA
LLUVIA EN LA SELVA,016,2020-01-19,2020-01-21,2020-01-24,72 Hrs.,NARANJA
LLUVIA EN LA COSTA NORTE INTERIOR,015,2020-01-18,2020-01-19,2020-01-21,60 Hrs.,AMARILLO
PRECIPITACIONES EN LA SIERRA,014,2020-01-17,2020-01-19,2020-01-22,60 Hrs.,ROJO
PRECIPITACIONES EN LA SIERRA CENTRAL Y SUR (ACTUALIZACIóN DEL AVISO N°009),013,2020-01-16,2020-01-16,2020-01-18,51 Hrs.,NARANJA
LLUVIA EN LA SELVA NORTE,012,2020-01-15,2020-01-17,2020-01-19,60 Hrs.,NARANJA
INCREMENTO DE VIENTO EN LA SIERRA,011,2020-01-14,2020-01-16,2020-01-18,57 Hrs.,NARANJA
INCREMENTO DE TEMPERATURA DIURNA EN LA COSTA NORTE,010,2020-01-14,2020-01-15,2020-01-17,54 Hrs.,NARANJA
PRECIPITACIONES EN LA SIERRA,009,2020-01-11,2020-01-13,2020-01-17,81 Hrs.,NARANJA
LLUVIA EN SELVA,008,2020-01-10,2020-01-11,2020-01-14,72 Hrs.,NARANJA
PRECIPITACIONES EN LA SIERRA CENTRO Y SUR,007,2020-01-08,2020-01-10,2020-01-13,72 Hrs.,NARANJA
INCREMENTO DE TEMPERATURA DIURNA EN LA SELVA NORTE,006,2020-01-07,2020-01-08,2020-01-10,54 Hrs.,ROJO
INCREMENTO DE VIENTO EN LA COSTA,005,2020-01-06,2020-01-09,2020-01-12,60 Hrs.,NARANJA
LLUVIA EN LA SELVA,004,2020-01-04,2020-01-05,2020-01-08,78 Hrs.,NARANJA
INCREMENTO DE TEMPERATURA DIURNA EN LA SELVA NORTE,003,2020-01-03,2020-01-05,2020-01-07,57 Hrs.,ROJO
LLUVIA EN LA REGIÓN NORTE,002,2020-01-01,2020-01-02,2020-01-05,66 Hrs.,NARANJA
PRECIPITACIONES EN LA SIERRA CENTRO Y SUR,001,2020-01-01,2020-01-02,2020-01-04,57 Hrs.,NARANJA
PRECIPITACIONES EN LA SIERRA,192,2019-12-30,2019-12-31,2020-01-02,45 Hrs.,NARANJA
LLUVIA EN LA SELVA,191,2019-12-29,2019-12-30,2020-01-02,81 Hrs.,NARANJA
PRECIPITACIONES EN LA SIERRA,190,2019-12-27,2019-12-29,2019-12-31,36 Hrs.,NARANJA
LLUVIA EN LA SELVA,189,2019-12-27,2019-12-28,2019-12-30,36 Hrs.,NARANJA
PRECIPITACIONES EN LA SIERRA,188,2019-12-25,2019-12-27,2019-12-29,42 Hrs.,NARANJA
INCREMENTO DE TEMPERATURA EN COSTA NORTE,187,2019-12-23,2019-12-24,2019-12-26,54 Hrs.,NARANJA
PRECIPITACIONES EN LA SIERRA,186,2019-12-21,2019-12-24,2019-12-27,66 Hrs.,NARANJA
LLUVIA EN LA SELVA,185,2019-12-20,2019-12-22,2019-12-25,60 Hrs.,NARANJA
PRECIPITACIONES EN LA SIERRA,184,2019-12-19,2019-12-21,2019-12-23,60 Hrs.,NARANJA
PRECIPITACIONES EN LA SIERRA (EXTENSIÓN DEL AVISO N°181),183,2019-12-19,2019-12-20,2019-12-21,12 Hrs.,ROJO
DESCENSO DE TEMPERATURA NOCTURNA EN LA SIERRA,182,2019-12-18,2019-12-21,2019-12-23,54 Hrs.,NARANJA
PRECIPITACIONES EN LA SIERRA,181,2019-12-16,2019-12-18,2019-12-20,48 Hrs.,ROJO
LLUVIA EN LA SELVA,180,2019-12-15,2019-12-17,2019-12-19,66 Hrs.,ROJO
PRECIPITACIONES EN LA SIERRA,179,2019-12-14,2019-12-15,2019-12-18,66 Hrs.,NARANJA
INCREMENTO DE VIENTO EN LA COSTA,178,2019-12-12,2019-12-14,2019-12-16,51 Hrs.,AMARILLO
PRECIPITACIONES EN LA SIERRA,177,2019-12-12,2019-12-13,2019-12-15,45 Hrs.,NARANJA
LLUVIA EN LA SELVA,176,2019-12-10,2019-12-11,2019-12-14,93 Hrs.,NARANJA
PRECIPITACIONES EN LA SIERRA,175,2019-12-09,2019-12-11,2019-12-13,42 Hrs.,NARANJA
DESCENSO DE TEMPERATURA NOCTURNA EN LA SIERRA,174,2019-12-09,2019-12-11,2019-12-12,30 Hrs.,NARANJA
INCREMENTO DE VIENTO EN LA COSTA,173,2019-12-08,2019-12-09,2019-12-11,54 Hrs.,NARANJA
PRECIPITACIONES EN LA SIERRA,172,2019-12-06,2019-12-07,2019-12-09,42 Hrs.,NARANJA
LLUVIA EN LA SELVA,171,2019-12-03,2019-12-05,2019-12-07,54 Hrs.,ROJO
PRECIPITACIONES EN LA SIERRA,170,2019-12-02,2019-12-03,2019-12-06,72 Hrs.,ROJO
LLUVIA EN LA COSTA NORTE,169,2019-11-30,2019-12-01,2019-12-03,27 Hrs.,AMARILLO
LLUVIA EN LA SELVA,168,2019-11-29,2019-11-30,2019-12-02,54 Hrs.,NARANJA
PRECIPITACIONES EN LA SIERRA (ACTUALIZACIÓN DEL AVISO N°166),167,2019-11-29,2019-11-30,2019-12-03,78 Hrs.,ROJO
PRECIPITACIONES EN LA SIERRA,166,2019-11-28,2019-11-30,2019-12-03,78 Hrs.,NARANJA
LLUVIA EN LA SELVA,165,2019-11-26,2019-11-27,2019-11-29,48 Hrs.,NARANJA
INCREMENTO DE VIENTO EN LA COSTA (EXTENSIÓN DEL AVISO N° 162),164,2019-11-26,2019-11-26,2019-11-27,24 Hrs.,NARANJA
PRECIPITACIONES EN LA SIERRA,163,2019-11-23,2019-11-25,2019-11-27,42 Hrs.,NARANJA
INCREMENTO DE VIENTO EN LA COSTA,162,2019-11-22,2019-11-24,2019-11-26,51 Hrs.,NARANJA
PRECIPITACIONES EN LA SIERRA,161,2019-11-21,2019-11-22,2019-11-24,57 Hrs.,ROJO
LLUVIA EN LA SELVA,160,2019-11-20,2019-11-22,2019-11-24,51 Hrs.,NARANJA
LLUVIA EN LA SELVA,159,2019-11-18,2019-11-19,2019-11-21,36 Hrs.,NARANJA
DESCENSO DE TEMPERATURA NOCTURNA EN SIERRA NORTE,158,2019-11-15,2019-11-18,2019-11-20,54 Hrs.,NARANJA
PRECIPITACIONES EN LA SIERRA CENTRO Y SUR,157,2019-11-15,2019-11-17,2019-11-20,78 Hrs.,NARANJA
LLUVIA EN LA SELVA,156,2019-11-12,2019-11-14,2019-11-17,66 Hrs.,NARANJA
LLUVIA EN LA SELVA,155,2019-11-09,2019-11-11,2019-11-13,48 Hrs.,NARANJA
PRECIPITACIONES EN SIERRA,154,2019-11-08,2019-11-09,2019-11-12,78 Hrs.,ROJO
LLUVIA EN LA SELVA,153,2019-11-05,2019-11-07,2019-11-09,51 Hrs.,NARANJA
PRECIPITACIONES EN LA SIERRA,152,2019-11-04,2019-11-06,2019-11-08,57 Hrs.,NARANJA
PRECIPITACIONES EN LA SIERRA,151,2019-11-01,2019-11-02,2019-11-04,39 Hrs.,NARANJA
INCREMENTO DE VIENTO EN LA COSTA,150,2019-10-30,2019-11-01,2019-11-02,30 Hrs.,AMARILLO
PRECIPITACIONES EN LA SIERRA CENTRO Y SUR,149,2019-10-29,2019-10-31,2019-11-02,36 Hrs.,NARANJA
PRECIPITACIONES EN LA SIERRA NORTE Y CENTRO,148,2019-10-27,2019-10-28,2019-10-30,57 Hrs.,NARANJA
INCREMENTO DE VIENTO EN LA COSTA,147,2019-10-26,2019-10-28,2019-10-30,54 Hrs.,AMARILLO
PRECIPITACIONES EN LA SIERRA NORTE Y CENTRO,146,2019-10-20,2019-10-22,2019-10-25,72 Hrs.,ROJO
LLUVIA EN LA SELVA,145,2019-10-19,2019-10-21,2019-10-23,54 Hrs.,ROJO
PRECIPITACIONES EN LA SIERRA NORTE Y CENTRO,144,2019-10-19,2019-10-20,2019-10-22,48 Hrs.,NARANJA
INCREMENTO DE VIENTO EN LA COSTA,143,2019-10-18,2019-10-20,2019-10-22,48 Hrs.,NARANJA
DESCENSO DE TEMPERATURA NOCTURNA EN LA SIERRA SUR,142,2019-10-17,2019-10-20,2019-10-23,78 Hrs.,NARANJA
INCREMENTO DE VIENTO EN LA COSTA,141,2019-10-15,2019-10-16,2019-10-18,42 Hrs.,NARANJA
PRECIPITACIONES EN LA SIERRA,140,2019-10-14,2019-10-16,2019-10-19,78 Hrs.,ROJO
LLUVIA EN LA SELVA,139,2019-10-14,2019-10-15,2019-10-19,78 Hrs.,NARANJA
PRECIPITACIONES EN LA SIERRA,138,2019-10-10,2019-10-12,2019-10-16,84 Hrs.,NARANJA
DESCENSO DE TEMPERATURA NOCTURNA EN LA SIERRA,137,2019-10-07,2019-10-08,2019-10-10,54 Hrs.,NARANJA
PRECIPITACIONES EN LA SIERRA CENTRO Y NORTE,136,2019-10-05,2019-10-07,2019-10-09,36 Hrs.,NARANJA
UNDÉCIMO FRIAJE EN LA SELVA,135,2019-10-05,2019-10-06,2019-10-08,48 Hrs.,NARANJA
LLUVIA EN LA SELVA,134,2019-10-04,2019-10-06,2019-10-09,72 Hrs.,NARANJA
DESCENSO DE TEMPERATURA NOCTURNA EN LA SIERRA,133,2019-10-03,2019-10-05,2019-10-08,72 Hrs.,NARANJA
PRECIPITACIONES EN LA SELVA SUR Y CENTRO,132,2019-10-02,2019-10-04,2019-10-06,48 Hrs.,NARANJA
INCREMENTO DE VIENTO EN LA COSTA,131,2019-09-29,2019-10-02,2019-10-05,78 Hrs.,NARANJA
PRECIPITACIONES EN LA SIERRA,130,2019-09-28,2019-09-30,2019-10-04,90 Hrs.,NARANJA
LLUVIA EN LA SELVA,129,2019-09-24,2019-09-26,2019-09-28,54 Hrs.,NARANJA
LLUVIA EN LA SELVA,128,2019-09-20,2019-09-21,2019-09-24,60 Hrs.,NARANJA
PRECIPITACIONES EN LA SIERRA,127,2019-09-18,2019-09-20,2019-09-23,66 Hrs.,NARANJA
LLUVIA EN LA SELVA,126,2019-09-10,2019-09-12,2019-09-15,66 Hrs.,NARANJA
PRECIPITACIONES EN LA SIERRA,125,2019-09-09,2019-09-12,2019-09-16,102 Hrs.,NARANJA
INCREMENTO DE VIENTO EN LA COSTA,124,2019-09-05,2019-09-08,2019-09-10,42 Hrs.,NARANJA
NEVADA EN LA SIERRA,123,2019-09-05,2019-09-07,2019-09-10,60 Hrs.,ROJO
NEVADAS EN LA SIERRA CENTRO Y SUR,122,2019-08-31,2019-09-02,2019-09-06,84 Hrs.,NARANJA
DÉCIMO FRIAJE EN LA SELVA,121,2019-08-30,2019-09-02,2019-09-04,60 Hrs.,AMARILLO
INCREMENTO DE VIENTO EN LA SIERRA,120,2019-08-26,2019-08-27,2019-08-29,48 Hrs.,NARANJA
LLUVIA EN LA SELVA,119,2019-08-25,2019-08-27,2019-08-29,60 Hrs.,NARANJA
DESCENSO DE TEMPERATURA NOCTURNA EN LA SIERRA SUR,118,2019-08-22,2019-08-24,2019-08-27,60 Hrs.,NARANJA
NOVENO FRIAJE EN LA SELVA,117,2019-08-21,2019-08-23,2019-08-24,36 Hrs.,AMARILLO
INCREMENTO DE VIENTO EN LA SIERRA,116,2019-08-20,2019-08-22,2019-08-25,72 Hrs.,NARANJA
DESCENSO DE TEMPERATURA NOCTURNA EN LA SIERRA,115,2019-08-13,2019-08-15,2019-08-18,78 Hrs.,NARANJA
OCTAVO FRIAJE EN LA SELVA,114,2019-08-11,2019-08-13,2019-08-17,90 Hrs.,NARANJA
INCREMENTO DE VIENTO EN LA SIERRA,113,2019-08-09,2019-08-12,2019-08-16,102 Hrs.,NARANJA
INCREMENTO DE VIENTO EN LA COSTA,112,2019-08-05,2019-08-07,2019-08-10,60 Hrs.,NARANJA
SÉTIMO FRIAJE EN LA SELVA (EXTENSIÓN DEL AVISO 108),111,2019-08-04,2019-08-05,2019-08-07,48 Hrs.,NARANJA
DESCENSO DE TEMPERATURA NOCTURNA EN LA SIERRA (ACTUALIZACIÓN DEL AVISO 107),110,2019-08-01,2019-08-04,2019-08-07,78 Hrs.,ROJO
INCREMENTO DE VIENTO EN LA COSTA,109,2019-07-31,2019-08-01,2019-08-02,18 Hrs.,AMARILLO
SÉTIMO FRIAJE EN LA SELVA,108,2019-07-30,2019-08-02,2019-08-05,60 Hrs.,NARANJA
DESCENSO DE TEMPERATURA NOCTURNA EN LA SIERRA,107,2019-07-28,2019-07-31,2019-08-04,102 Hrs.,NARANJA
INCREMENTO DE VIENTO EN LA COSTA,106,2019-07-27,2019-07-28,2019-07-30,36 Hrs.,AMARILLO
DESCENSO DE TEMPERATURA NOCTURNA EN LA SIERRA SUR,105,2019-07-22,2019-07-24,2019-07-27,60 Hrs.,ROJO
SEXTO FRIAJE EN LA SELVA,104,2019-07-21,2019-07-24,2019-07-28,84 Hrs.,NARANJA
LLUVIA EN LA SELVA,103,2019-07-21,2019-07-24,2019-07-26,54 Hrs.,NARANJA
PRECIPITACIONES EN LA SIERRA CENTRO Y SUR,102,2019-07-19,2019-07-22,2019-07-24,36 Hrs.,NARANJA
INCREMENTO DE VIENTO EN LA COSTA,101,2019-07-18,2019-07-22,2019-07-25,66 Hrs.,ROJO
INCREMENTO DE VIENTO EN LA COSTA,100,2019-07-15,2019-07-17,2019-07-19,36 Hrs.,AMARILLO
LLUVIA EN LA SELVA,099,2019-07-13,2019-07-15,2019-07-18,78 Hrs.,NARANJA
NEVADA EN LA SIERRA,098,2019-07-12,2019-07-16,2019-07-19,60 Hrs.,ROJO
INCREMENTO DE VIENTO EN LA COSTA,097,2019-07-10,2019-07-12,2019-07-14,42 Hrs.,NARANJA
DESCENSO DE TEMPERATURA NOCTURNA EN LA SIERRA,096,2019-07-08,2019-07-10,2019-07-12,54 Hrs.,NARANJA
INCREMENTO DE VIENTO EN LA COSTA,095,2019-07-07,2019-07-08,2019-07-11,54 Hrs.,AMARILLO
PRECIPITACIONES EN LA SIERRA,094,2019-07-04,2019-07-06,2019-07-08,54 Hrs.,NARANJA
LLUVIA EN LA SELVA,093,2019-07-02,2019-07-04,2019-07-08,84 Hrs.,NARANJA
QUINTO FRIAJE EN LA SELVA,092,2019-07-01,2019-07-05,2019-07-07,54 Hrs.,NARANJA
DESCENSO DE TEMPERATURA NOCTURNA EN LA SIERRA,091,2019-07-01,2019-07-03,2019-07-05,60 Hrs.,NARANJA
INCREMENTO DE VIENTO EN LA COSTA,090,2019-06-29,2019-06-30,2019-07-02,54 Hrs.,NARANJA
PRECIPITACIONES EN LA SIERRA,089,2019-06-26,2019-06-28,2019-07-01,60 Hrs.,NARANJA
DESCENSO DE TEMPERATURA NOCTURNA EN LA SIERRA (EXTENSIÓN DEL AVISO 084),088,2019-06-25,2019-06-25,2019-06-27,42 Hrs.,NARANJA
INCREMENTO DE VIENTO EN LA COSTA,087,2019-06-24,2019-06-28,2019-06-30,42 Hrs.,NARANJA
LLUVIA EN LA SELVA,086,2019-06-24,2019-06-26,2019-06-29,60 Hrs.,NARANJA
INCREMENTO DE VIENTO Y LLOVIZNA EN EL SUR,085,2019-06-21,2019-06-23,2019-06-25,36 Hrs.,NARANJA
DESCENSO DE TEMPERATURA NOCTURNA EN LA SIERRA,084,2019-06-20,2019-06-23,2019-06-25,60 Hrs.,NARANJA
LLUVIA EN LA SELVA,083,2019-06-17,2019-06-19,2019-06-22,72 Hrs.,NARANJA
PRECIPITACIONES EN LA SIERRA,082,2019-06-12,2019-06-15,2019-06-17,42 Hrs.,NARANJA
INCREMENTO DE VIENTO Y LLOVIZNA EN LA COSTA,081,2019-06-12,2019-06-15,2019-06-18,66 Hrs.,NARANJA
DESCENSO DE TEMPERATURA NOCTURNA EN LA SIERRA,080,2019-06-01,2019-06-04,2019-06-08,102 Hrs.,ROJO
FRIAJE EN LA SELVA,079,2019-05-31,2019-06-03,2019-06-07,102 Hrs.,AMARILLO
LLUVIA EN LA SELVA,078,2019-05-30,2019-06-02,2019-06-05,72 Hrs.,NARANJA
DESCENSO DE TEMPERATURA NOCTURNA EN LA SIERRA,077,2019-05-29,2019-06-01,2019-06-03,54 Hrs.,NARANJA
INCREMENTO DE VIENTO EN LA COSTA,076,2019-05-28,2019-05-30,2019-06-01,36 Hrs.,NARANJA
DESCENSO DE TEMPERATURA NOCTURNA EN LA SIERRA SUR (EXTENSIÓN DEL AVISO 071),075,2019-05-21,2019-05-22,2019-05-24,54 Hrs.,NARANJA
FRIAJE EN LA SELVA,074,2019-05-21,2019-05-24,2019-05-26,54 Hrs.,AMARILLO
LLUVIA EN LA SELVA,073,2019-05-20,2019-05-22,2019-05-25,60 Hrs.,NARANJA
INCREMENTO DE VIENTO EN LA COSTA,072,2019-05-17,2019-05-20,2019-05-23,60 Hrs.,NARANJA
DESCENSO DE TEMPERATURA NOCTURNA EN LA SIERRA SUR,071,2019-05-17,2019-05-19,2019-05-21,54 Hrs.,NARANJA
DESCENSO DE TEMPERATURA NOCTURNA EN LA SIERRA,070,2019-05-13,2019-05-16,2019-05-18,60 Hrs.,ROJO
SEGUNDO FRIAJE DEL AÑO,069,2019-05-09,2019-05-13,2019-05-16,78 Hrs.,AMARILLO
LLUVIA EN LA SELVA,068,2019-05-09,2019-05-12,2019-05-15,78 Hrs.,NARANJA
DESCENSO DE TEMPERATURA NOCTURNA EN LA SIERRA,067,2019-05-07,2019-05-10,2019-05-12,54 Hrs.,NARANJA
INCREMENTO DE VIENTO EN LA COSTA,066,2019-05-06,2019-05-09,2019-05-12,60 Hrs.,NARANJA
LLUVIA EN LA SELVA,065,2019-05-02,2019-05-05,2019-05-07,42 Hrs.,NARANJA
DESCENSO DE TEMPERATURA NOCTURNA EN LA SIERRA SUR,064,2019-04-29,2019-05-02,2019-05-04,60 Hrs.,NARANJA
DESCENSO DE TEMPERATURA NOCTURNA EN LA SIERRA,063,2019-04-26,2019-04-27,2019-04-28,30 Hrs.,AMARILLO
INCREMENTO DE VIENTO EN LA COSTA,062,2019-04-22,2019-04-24,2019-04-28,84 Hrs.,NARANJA
LLUVIA EN LA SELVA,061,2019-04-20,2019-04-23,2019-04-25,48 Hrs.,NARANJA
LLUVIA EN LA SELVA,060,2019-04-14,2019-04-15,2019-04-18,54 Hrs.,NARANJA
PRECIPITACIONES EN LA SIERRA,059,2019-04-13,2019-04-15,2019-04-18,60 Hrs.,NARANJA
INCREMENTO DE VIENTO EN LA COSTA,058,2019-04-11,2019-04-13,2019-04-16,60 Hrs.,AMARILLO
DESCENSO DE TEMPERATURA NOCTURNA EN LA SIERRA,057,2019-04-09,2019-04-12,2019-04-14,60 Hrs.,NARANJA
INCREMENTO DE VIENTO EN LA COSTA,056,2019-04-06,2019-04-07,2019-04-10,60 Hrs.,AMARILLO
PRIMER FRIAJE DEL AÑO,055,2019-04-03,2019-04-07,2019-04-09,60 Hrs.,AMARILLO
LLUVIA EN LA SELVA,054,2019-04-03,2019-04-05,2019-04-08,66 Hrs.,NARANJA
DESCENSO DE TEMPERATURA NOCTURNA EN LA SIERRA,053,2019-04-02,2019-04-04,2019-04-06,60 Hrs.,NARANJA
NEVADA Y LLUVIA EN LA SIERRA,052,2019-03-31,2019-04-03,2019-04-05,48 Hrs.,ROJO
INCREMENTO DE VIENTO EN LA COSTA,051,2019-03-29,2019-03-30,2019-04-01,48 Hrs.,AMARILLO
LLUVIA Y NEVADA EN LA SIERRA,050,2019-03-28,2019-03-30,2019-04-03,96 Hrs.,ROJO
LLUVIA EN LA SELVA,049,2019-03-27,2019-03-27,2019-03-30,72 Hrs.,NARANJA
PRECIPITACIONES EN LA SIERRA,048,2019-03-24,2019-03-26,2019-03-29,78 Hrs.,NARANJA
LLUVIA EN LA SELVA,047,2019-03-23,2019-03-25,2019-03-27,54 Hrs.,NARANJA
DESCENSO DE TEMPERATURA NOCTURNA EN LA SIERRA SUR,046,2019-03-19,2019-03-21,2019-03-23,60 Hrs.,AMARILLO
LLUVIA EN LA SELVA,045,2019-03-18,2019-03-20,2019-03-23,60 Hrs.,NARANJA
LLUVIA Y NEVADA EN LA SIERRA CENTRO Y SUR,044,2019-03-16,2019-03-18,2019-03-21,66 Hrs.,NARANJA
LLUVIA EN COSTA Y SIERRA NORTE (ACTUALIZACIÓN DEL AVISO 042),043,2019-03-15,2019-03-16,2019-03-19,66 Hrs.,ROJO
LLUVIA EN COSTA Y SIERRA NORTE,042,2019-03-13,2019-03-16,2019-03-18,42 Hrs.,NARANJA
PRECIPITACIONES EN LA SIERRA,041,2019-03-11,2019-03-13,2019-03-15,36 Hrs.,NARANJA
LLUVIA EN LA SELVA,040,2019-03-11,2019-03-13,2019-03-15,54 Hrs.,NARANJA
PRECIPITACIONES EN LA SIERRA CENTRO Y SUR,039,2019-03-08,2019-03-10,2019-03-13,60 Hrs.,NARANJA
LLUVIA EN LA SELVA,038,2019-03-07,2019-03-09,2019-03-11,48 Hrs.,NARANJA
PRECIPITACIONES EN LA SIERRA,037,2019-03-07,2019-03-08,2019-03-10,48 Hrs.,NARANJA
LLUVIA EN EL NORTE,036,2019-03-03,2019-03-04,2019-03-06,48 Hrs.,NARANJA
PRECIPITACIONES EN LA SIERRA,035,2019-03-02,2019-03-04,2019-03-07,72 Hrs.,NARANJA
PRECIPITACIONES EN EL NORTE Y CENTRO,034,2019-03-01,2019-03-02,2019-03-04,48 Hrs.,NARANJA
PRECIPITACIONES EN LA COSTA NORTE,033,2019-02-26,2019-02-26,2019-02-28,30 Hrs.,NARANJA
PRECIPITACIONES EN LA SIERRA,032,2019-02-24,2019-02-26,2019-03-01,60 Hrs.,NARANJA
LLUVIA EN LA SELVA,031,2019-02-24,2019-02-26,2019-03-01,78 Hrs.,NARANJA
PRECIPITACIONES EN EL NORTE Y CENTRO,030,2019-02-21,2019-02-23,2019-02-26,72 Hrs.,ROJO
INCREMENTO DE VIENTO EN LA COSTA,029,2019-02-20,2019-02-21,2019-02-23,54 Hrs.,NARANJA
PRECIPITACIONES EN SIERRA SUR (EXTENSIÓN DEL AVISO N° 025-2019),028,2019-02-19,2019-02-20,2019-02-23,72 Hrs.,NARANJA
INCREMENTO DE TEMPERATURA EN LA COSTA,027,2019-02-17,2019-02-19,2019-02-22,84 Hrs.,NARANJA
PRECIPITACIONES EN EL NORTE Y CENTRO,026,2019-02-16,2019-02-17,2019-02-20,66 Hrs.,NARANJA
PRECIPITACIONES EN SIERRA SUR,025,2019-02-15,2019-02-17,2019-02-20,72 Hrs.,NARANJA
LLUVIA EN LA SELVA,024,2019-02-14,2019-02-15,2019-02-17,48 Hrs.,ROJO
PRECIPITACIONES EN SIERRA SUR,023,2019-02-12,2019-02-14,2019-02-17,60 Hrs.,NARANJA
PRECIPITACIONES EN EL NORTE Y CENTRO,022,2019-02-11,2019-02-14,2019-02-17,90 Hrs.,ROJO
LLUVIA EN LA SELVA,021,2019-02-11,2019-02-13,2019-02-15,54 Hrs.,NARANJA
INCREMENTO DE VIENTO EN LA COSTA,020,2019-02-08,2019-02-11,2019-02-14,78 Hrs.,AMARILLO
PRECIPITACIONES EN LA SIERRA,019,2019-02-07,2019-02-09,2019-02-13,96 Hrs.,NARANJA
PRECIPITACIONES EN LA SIERRA,018,2019-02-04,2019-02-06,2019-02-09,66 Hrs.,NARANJA
PRECIPITACIONES EN LA SIERRA Y COSTA NORTE,017,2019-02-01,2019-02-02,2019-02-05,66 Hrs.,NARANJA
LLUVIA EN LA SELVA,016,2019-01-31,2019-02-02,2019-02-05,60 Hrs.,ROJO
INCREMENTO DE TEMPERATURA EN LA COSTA,015,2019-01-30,2019-01-31,2019-02-02,60 Hrs.,NARANJA
"PRECIPITACIONES EN LA SIERRA
(EXTENSIÓN DEL AVISO N°011-2019)",014,2019-01-30,2019-01-31,2019-02-02,42 Hrs.,NARANJA
INCREMENTO DE TEMPERATURA EN LA COSTA,013,2019-01-27,2019-01-28,2019-01-30,60 Hrs.,AMARILLO
LLUVIA EN LA SELVA,012,2019-01-26,2019-01-28,2019-01-31,84 Hrs.,NARANJA
PRECIPITACIONES EN LA SIERRA,011,2019-01-25,2019-01-27,2019-01-31,90 Hrs.,NARANJA
ALTAS TEMPERATURAS EN LA COSTA NORTE,010,2019-01-24,2019-01-25,2019-01-28,78 Hrs.,NARANJA
PRECIPITACIONES EN LA SIERRA,009,2019-01-19,2019-01-21,2019-01-25,84 Hrs.,NARANJA
PRECIPITACIONES EN LA SIERRA,008,2019-01-17,2019-01-18,2019-01-20,48 Hrs.,NARANJA
INCREMENTO DE VIENTO EN LA COSTA,007,2019-01-15,2019-01-16,2019-01-18,48 Hrs.,NARANJA
LLUVIA EN LA SELVA,006,2019-01-13,2019-01-15,2019-01-18,72 Hrs.,NARANJA
PRECIPITACIONES EN LA SIERRA,005,2019-01-13,2019-01-15,2019-01-18,72 Hrs.,NARANJA
INCREMENTO DE VIENTO EN LA COSTA,004,2019-01-11,2019-01-12,2019-01-15,60 Hrs.,NARANJA
PRECIPITACIONES EN  SIERRA,003,2019-01-10,2019-01-12,2019-01-15,66 Hrs.,NARANJA
PRECIPITACIONES A NIVEL NACIONAL,002,2019-01-08,2019-01-09,2019-01-12,66 Hrs.,ROJO
LLUVIA EN LA SELVA,001,2019-01-05,2019-01-07,2019-01-09,36 Hrs.,NARANJA
PRECIPITACIONES EN LA SIERRA,145,2018-12-26,2018-12-28,2018-12-30,36 Hrs.,NARANJA
PRECIPITACIONES EN LA SIERRA Y COSTA NORTE,144,2018-12-23,2018-12-25,2018-12-28,66 Hrs.,NARANJA
LLUVIA EN LA SELVA,143,2018-12-22,2018-12-24,2018-12-27,72 Hrs.,NARANJA
PRECIPITACIONES EN LA SIERRA Y COSTA NORTE,142,2018-12-20,2018-12-21,2018-12-23,42 Hrs.,NARANJA
PRECIPITACIONES EN LA SIERRA,141,2018-12-15,2018-12-17,2018-12-19,36 Hrs.,NARANJA
LLUVIA EN LA SELVA,140,2018-12-13,2018-12-15,2018-12-17,36 Hrs.,ROJO
LLUVIA EN LA SIERRA,139,2018-12-13,2018-12-14,2018-12-17,54 Hrs.,NARANJA
LLUVIA EN LA SIERRA,138,2018-12-04,2018-12-06,2018-12-10,78 Hrs.,NARANJA
LLUVIA EN LA SELVA,137,2018-12-04,2018-12-05,2018-12-08,54 Hrs.,NARANJA
DESCENSO DE TEMPERATURA NOCTURNA EN LA SIERRA,136,2018-11-30,2018-12-02,2018-12-04,60 Hrs.,NARANJA
LLUVIA EN LA SELVA,135,2018-11-30,2018-12-02,2018-12-04,54 Hrs.,NARANJA
DESCENSO DE TEMPERATURA NOCTURNA EN LA SIERRA,134,2018-11-27,2018-11-29,2018-12-02,60 Hrs.,NARANJA
INCREMENTO DE VIENTO EN LA SELVA,133,2018-11-26,2018-11-28,2018-12-02,84 Hrs.,NARANJA
LLUVIA EN LA SELVA,132,2018-11-22,2018-11-23,2018-11-26,60 Hrs.,NARANJA
DESCENSO DE TEMPERATURA NOCTURNA EN LA SIERRA,131,2018-11-20,2018-11-22,2018-11-24,36 Hrs.,NARANJA
LLUVIA EN SIERRA,130,2018-11-17,2018-11-19,2018-11-21,36 Hrs.,NARANJA
LLUVIA EN LA SELVA,129,2018-11-17,2018-11-19,2018-11-21,66 Hrs.,ROJO
LLUVIA EN LA SELVA,128,2018-11-14,2018-11-15,2018-11-17,66 Hrs.,NARANJA
LLUVIA EN LA SIERRA,127,2018-11-11,2018-11-12,2018-11-15,60 Hrs.,NARANJA
LLUVIA EN LA SELVA,126,2018-11-11,2018-11-12,2018-11-15,60 Hrs.,NARANJA
INCREMENTO DE VIENTO EN LA COSTA,125,2018-11-10,2018-11-12,2018-11-15,60 Hrs.,NARANJA
LLUVIA EN LA SELVA,124,2018-11-06,2018-11-08,2018-11-11,72 Hrs.,NARANJA
LLUVIA EN LA SIERRA,123,2018-11-06,2018-11-08,2018-11-11,72 Hrs.,NARANJA
INCREMENTO DE VIENTO EN LA COSTA,122,2018-10-24,2018-10-25,2018-10-27,36 Hrs.,AMARILLO
PRECIPITACIONES A NIVEL NACIONAL,121,2018-10-19,2018-10-21,2018-10-24,60 Hrs.,NARANJA
INCREMENTO DE VIENTO EN LA COSTA,120,2018-10-10,2018-10-12,2018-10-15,72 Hrs.,NARANJA
PRECIPITACIONES EN LA SIERRA,119,2018-10-08,2018-10-10,2018-10-15,120 Hrs.,NARANJA
PRECIPITACIONES EN LA SIERRA,118,2018-10-02,2018-10-04,2018-10-08,90 Hrs.,ROJO
FRIAJE EN LA SELVA,117,2018-10-01,2018-10-05,2018-10-06,36 Hrs.,AMARILLO
LLUVIAS EN LA SELVA,116,2018-10-01,2018-10-04,2018-10-06,66 Hrs.,NARANJA
INCREMENTO DE VIENTO EN LA COSTA,115,2018-09-29,2018-09-30,2018-10-02,48 Hrs.,NARANJA
DESCENSO DE TEMPERATURA EN LA SIERRA,114,2018-09-26,2018-09-27,2018-09-30,78 Hrs.,NARANJA
LLUVIAS Y NEVADAS EN LA SIERRA,113,2018-09-21,2018-09-23,2018-09-26,60 Hrs.,NARANJA
INCREMENTO DE VIENTO EN LA COSTA (EXTENSIÓN DEL AVISO N°110),112,2018-09-17,2018-09-17,2018-09-20,54 Hrs.,NARANJA
DESCENSO DE TEMPERATURA EN LA SIERRA,111,2018-09-15,2018-09-17,2018-09-20,60 Hrs.,NARANJA
INCREMENTO DE VIENTO EN LA COSTA,110,2018-09-13,2018-09-15,2018-09-17,48 Hrs.,NARANJA
INCREMENTO DE TEMPERATURA DIURNA EN LA SELVA,109,2018-09-06,2018-09-08,2018-09-10,60 Hrs.,NARANJA
PRECIPITACIONES EN LA SIERRA,108,2018-09-06,2018-09-07,2018-09-09,36 Hrs.,NARANJA
DESCENSO DE TEMPERATURA EN LA SIERRA,107,2018-09-04,2018-09-06,2018-09-09,78 Hrs.,NARANJA
PRECIPITACIONES EN LA SIERRA,106,2018-09-02,2018-09-03,2018-09-05,30 Hrs.,NARANJA
FRIAJE EN LA SELVA,105,2018-08-31,2018-09-03,2018-09-06,78 Hrs.,ROJO
LLUVIAS EN LA SELVA,104,2018-08-31,2018-09-02,2018-09-05,78 Hrs.,NARANJA
DESCENSO DE TEMPERATURA EN LA SIERRA,103,2018-08-30,2018-09-01,2018-09-03,54 Hrs.,NARANJA
INCREMENTO DE VIENTO EN LA COSTA,102,2018-08-28,2018-08-30,2018-09-02,66 Hrs.,NARANJA
FRIAJE EN LA SELVA,101,2018-08-23,2018-08-25,2018-08-27,54 Hrs.,ROJO
PRECIPITACIONES EN LA SIERRA,100,2018-08-23,2018-08-24,2018-08-26,36 Hrs.,NARANJA
DESCENSO DE TEMPERATURA EN LA SIERRA,099,2018-08-21,2018-08-23,2018-08-26,78 Hrs.,ROJO
INCREMENTO DE VIENTO EN LA COSTA,098,2018-08-21,2018-08-23,2018-08-25,48 Hrs.,NARANJA
LLUVIAS Y NEVADAS EN LA SIERRA,097,2018-08-18,2018-08-19,2018-08-21,36 Hrs.,NARANJA
FRIAJE EN LA SELVA,096,2018-08-17,2018-08-20,2018-08-23,78 Hrs.,ROJO
LLUVIAS EN LA SELVA,095,2018-08-17,2018-08-19,2018-08-22,60 Hrs.,ROJO
DESCENSO DE TEMPERATURA EN LA SIERRA,094,2018-08-14,2018-08-15,2018-08-19,102 Hrs.,ROJO
FRIAJE EN LA SELVA,093,2018-08-12,2018-08-15,2018-08-17,54 Hrs.,NARANJA
LLUVIAS EN LA SELVA,092,2018-08-12,2018-08-14,2018-08-18,84 Hrs.,NARANJA
LLUVIAS Y NEVADAS EN LA SIERRA,091,2018-08-12,2018-08-13,2018-08-16,78 Hrs.,NARANJA
INCREMENTO DE VIENTO EN LA COSTA,090,2018-08-11,2018-08-13,2018-08-15,48 Hrs.,NARANJA
DESCENSO DE TEMPERATURA EN LA SIERRA,089,2018-08-08,2018-08-09,2018-08-11,54 Hrs.,NARANJA
FRIAJE EN LA SELVA,088,2018-08-07,2018-08-09,2018-08-11,54 Hrs.,NARANJA
LLUVIAS EN LA SELVA,087,2018-08-07,2018-08-09,2018-08-11,54 Hrs.,NARANJA
LLUVIAS Y NEVADAS EN SIERRA,086,2018-08-06,2018-08-07,2018-08-08,30 Hrs.,NARANJA
DESCENSO DE TEMPERATURA EN LA SIERRA,085,2018-08-03,2018-08-05,2018-08-08,90 Hrs.,NARANJA
LLUVIAS Y NEVADAS EN LA SIERRA,084,2018-08-01,2018-08-02,2018-08-05,72 Hrs.,NARANJA
INCREMENTO DE VIENTO EN LA COSTA,083,2018-07-25,2018-07-27,2018-07-29,54 Hrs.,NARANJA
FRIAJE EN LA SELVA,082,2018-07-23,2018-07-25,2018-07-28,78 Hrs.,NARANJA
INCREMENTO DE VIENTO EN LA COSTA,081,2018-07-20,2018-07-21,2018-07-23,42 Hrs.,NARANJA
NEVADAS Y GRANIZADAS EN LA SIERRA,080,2018-07-20,2018-07-21,2018-07-23,42 Hrs.,ROJO
FRIAJE EN LA SELVA,079,2018-07-19,2018-07-21,2018-07-23,54 Hrs.,NARANJA
LLUVIAS EN LA SELVA,078,2018-07-19,2018-07-20,2018-07-24,78 Hrs.,NARANJA
NEVADAS EN LA SIERRA,077,2018-07-16,2018-07-18,2018-07-21,84 Hrs.,ROJO
INCREMENTO DE VIENTO EN LA COSTA,076,2018-07-14,2018-07-16,2018-07-20,96 Hrs.,NARANJA
NEVADAS EN LA SIERRA,075,2018-07-12,2018-07-13,2018-07-15,48 Hrs.,ROJO
NEVADAS EN LA SIERRA,074,2018-07-09,2018-07-11,2018-07-13,48 Hrs.,ROJO
FRIAJE EN LA SELVA,073,2018-07-06,2018-07-09,2018-07-12,72 Hrs.,NARANJA
DESCENSO DE TEMPERATURA EN LA SIERRA,072,2018-07-05,2018-07-06,2018-07-09,84 Hrs.,NARANJA
INCREMENTO DE VIENTO EN LA COSTA,071,2018-07-04,2018-07-05,2018-07-08,60 Hrs.,AMARILLO
DESCENSO DE TEMPERATURA EN LA SIERRA,070,2018-06-19,2018-06-20,2018-06-24,102 Hrs.,NARANJA
INCREMENTO DE VIENTO EN LA COSTA,069,2018-06-18,2018-06-19,2018-06-23,90 Hrs.,NARANJA
DESCENSO DE TEMPERATURA EN LA SIERRA,068,2018-06-15,2018-06-17,2018-06-20,78 Hrs.,NARANJA
FRIAJE EN LA SELVA,067,2018-06-14,2018-06-15,2018-06-18,72 Hrs.,ROJO
LLUVIA EN LA SELVA,066,2018-06-14,2018-06-16,2018-06-18,48 Hrs.,NARANJA
"INCREMENTO DE VIENTO EN LA COSTA 
(EXTENSIÓN DEL AVISO N° 062)",065,2018-06-12,2018-06-13,2018-06-16,54 Hrs.,NARANJA
FRIAJE EN LA SELVA,064,2018-06-11,2018-06-13,2018-06-15,60 Hrs.,NARANJA
NEVADAS EN LA SIERRA,063,2018-06-08,2018-06-11,2018-06-13,42 Hrs.,NARANJA
INCREMENTO DE VIENTO EN LA COSTA,062,2018-06-08,2018-06-10,2018-06-13,72 Hrs.,NARANJA
NEVADAS EN LA SIERRA,061,2018-06-05,2018-06-06,2018-06-09,66 Hrs.,ROJO
INCREMENTO DE VIENTO EN LA COSTA,060,2018-06-04,2018-06-05,2018-06-08,60 Hrs.,NARANJA
LLUVIAS EN LA SIERRA NORTE,059,2018-05-31,2018-06-02,2018-06-05,60 Hrs.,NARANJA
NEVADAS EN LA SIERRA,058,2018-05-31,2018-06-02,2018-06-06,96 Hrs.,ROJO
FRIAJE EN LA SELVA,057,2018-05-30,2018-06-02,2018-06-05,84 Hrs.,NARANJA
DESCENSO DE TEMPERATURA EN LA SIERRA,056,2018-05-28,2018-05-29,2018-06-03,108 Hrs.,NARANJA
INCREMENTO DE VIENTO EN LA COSTA,055,2018-05-28,2018-05-29,2018-06-01,54 Hrs.,NARANJA
DESCENSO DE TEMPERATURA EN LA SIERRA,054,2018-05-21,2018-05-24,2018-05-27,66 Hrs.,NARANJA
PRECIPITACIONES EN LA SIERRA NORTE,053,2018-05-18,2018-05-19,2018-05-23,84 Hrs.,NARANJA
DESCENSO DE TEMPERATURA EN LA SIERRA SUR,052,2018-05-18,2018-05-20,2018-05-22,36 Hrs.,NARANJA
FRIAJE EN LA SELVA,051,2018-05-16,2018-05-19,2018-05-22,60 Hrs.,ROJO
INCREMENTO DE VIENTO EN LA COSTA,050,2018-05-15,2018-05-16,2018-05-19,60 Hrs.,NARANJA
DESCENSO DE TEMPERATURA EN LA SIERRA SUR (EXTENSIÓN DEL AVISO 047),049,2018-05-14,2018-05-15,2018-05-20,114 Hrs.,NARANJA
LLUVIAS EN LA SELVA,048,2018-05-09,2018-05-11,2018-05-13,48 Hrs.,NARANJA
DESCENSO DE TEMPERATURA EN LA SIERRA SUR,047,2018-05-08,2018-05-11,2018-05-15,108 Hrs.,NARANJA
PRECIPITACIONES EN LA SIERRA SUR,046,2018-05-04,2018-05-07,2018-05-10,78 Hrs.,NARANJA
PRECIPITACIONES A NIVEL NACIONAL,045,2018-05-04,2018-05-06,2018-05-10,90 Hrs.,NARANJA
PRECIPITACIONES EN LA SIERRA NORTE,044,2018-04-26,2018-04-28,2018-05-02,90 Hrs.,NARANJA
PRECIPITACIONES EN LA SIERRA,043,2018-04-25,2018-04-25,2018-04-28,60 Hrs.,NARANJA
PRECIPITACIONES EN LA SIERRA,042,2018-04-19,2018-04-22,2018-04-25,66 Hrs.,NARANJA
DESCENSO DE TEMPERATURA EN LA SIERRA,041,2018-04-16,2018-04-18,2018-04-22,84 Hrs.,NARANJA
PRECIPITACIONES A NIVEL NACIONAL,040,2018-04-10,2018-04-14,2018-04-15,42 Hrs.,ROJO
PRECIPITACIONES A NIVEL NACIONAL,039,2018-04-10,2018-04-13,2018-04-14,24 Hrs.,ROJO
PRECIPITACIONES A NIVEL NACIONAL,038,2018-04-10,2018-04-12,2018-04-13,6 Hrs.,NARANJA
INCREMENTO DE VIENTO EN LA COSTA,037,2018-04-07,2018-04-09,2018-04-12,54 Hrs.,AMARILLO
PRECIPITACIONES EN LA SIERRA,036,2018-04-06,2018-04-07,2018-04-10,78 Hrs.,NARANJA
LLUVIAS EN LA SELVA,035,2018-04-03,2018-04-05,2018-04-09,96 Hrs.,ROJO
PRECIPITACIONES EN LA SIERRA,034,2018-04-02,2018-04-03,2018-04-06,78 Hrs.,NARANJA
DESCENSO DE TEMPERATURA EN LA SIERRA SUR,033,2018-04-02,2018-04-03,2018-04-06,78 Hrs.,NARANJA
DESCENSO DE TEMPERATURA EN LA SIERRA,032,2018-03-28,2018-03-30,2018-04-02,72 Hrs.,NARANJA
DESCENSO DE TEMPERATURA EN LA SIERRA SUR,031,2018-03-25,2018-03-27,2018-03-30,78 Hrs.,NARANJA
FRIAJE EN LA SELVA,030,2018-03-22,2018-03-25,2018-03-28,60 Hrs.,NARANJA
PRECIPITACIONES EN LA SIERRA,029,2018-03-19,2018-03-20,2018-03-24,90 Hrs.,NARANJA
INCREMENTO DE VIENTO EN LA COSTA,028,2018-03-15,2018-03-17,2018-03-21,84 Hrs.,NARANJA
PRECIPITACIONES EN LA SIERRA,027,2018-03-14,2018-03-15,2018-03-19,84 Hrs.,NARANJA
LLUVIAS EN LA SELVA,026,2018-03-13,2018-03-14,2018-03-18,84 Hrs.,NARANJA
PRECIPITACIONES EN LA SIERRA CENTRO Y SUR,025,2018-03-08,2018-03-08,2018-03-13,108 Hrs.,NARANJA
PRECIPITACIONES EN LA SELVA,024,2018-03-07,2018-03-08,2018-03-12,90 Hrs.,NARANJA
INCREMENTO DE VIENTO EN LA COSTA,023,2018-03-07,2018-03-08,2018-03-12,84 Hrs.,NARANJA
INCREMENTO DE VIENTO EN LA COSTA,022,2018-03-01,2018-03-02,2018-03-06,84 Hrs.,NARANJA
PRECIPITACIONES EN LA SIERRA,021,2018-03-01,2018-03-01,2018-03-06,114 Hrs.,NARANJA
PRECIPITACIONES EN LA SELVA,020,2018-02-21,2018-02-22,2018-02-25,72 Hrs.,NARANJA
PRECIPITACIONES EN LA SIERRA SUR,019,2018-02-20,2018-02-22,2018-02-26,96 Hrs.,ROJO
DESCENSO DE TEMPERATURA EN LA SIERRA SUR,018,2018-02-16,2018-02-18,2018-02-20,54 Hrs.,NARANJA
PRECIPITACIONES EN LA SELVA,017,2018-02-16,2018-02-18,2018-02-22,84 Hrs.,NARANJA
PRECIPITACIONES EN LA SIERRA,016,2018-02-12,2018-02-14,2018-02-17,60 Hrs.,ROJO
LLUVIAS EN LA SELVA,015,2018-02-11,2018-02-12,2018-02-16,84 Hrs.,ROJO
PRECIPITACIONES EN LA SELVA,014,2018-02-07,2018-02-08,2018-02-12,84 Hrs.,NARANJA
PRECIPITACIONES EN LA SIERRA,013,2018-02-06,2018-02-07,2018-02-11,102 Hrs.,ROJO
PRECIPITACIONES EN LA SELVA,012,2018-02-03,2018-02-04,2018-02-07,72 Hrs.,NARANJA
PRECIPITACIONES EN LA SIERRA,011,2018-02-02,2018-02-04,2018-02-07,60 Hrs.,ROJO
ALTAS TEMPERATURAS EN EL NORTE,010,2018-01-31,2018-02-01,2018-02-05,102 Hrs.,ROJO
PRECIPITACIONES EN LA SIERRA,009,2018-01-25,2018-01-28,2018-01-30,42 Hrs.,NARANJA
PRECIPITACIONES EN LA SIERRA (EXTENSIÓN DEL AVISO N°007),008,2018-01-23,2018-01-25,2018-01-27,48 Hrs.,ROJO
PRECIPITACIONES EN LA SIERRA,007,2018-01-19,2018-01-22,2018-01-25,60 Hrs.,ROJO
PRECIPITACIONES EN LA SIERRA,006,2018-01-15,2018-01-16,2018-01-21,120 Hrs.,ROJO
LLUVIAS EN LA SELVA,005,2018-01-12,2018-01-14,2018-01-17,78 Hrs.,NARANJA
PRECIPITACIONES EN LA SIERRA,004,2018-01-10,2018-01-11,2018-01-14,72 Hrs.,ROJO
PRECIPITACIONES EN LA SIERRA SUR,003,2018-01-05,2018-01-08,2018-01-11,60 Hrs.,NARANJA
PRECIPITACIONES EN LA SELVA,002,2018-01-05,2018-01-05,2018-01-09,84 Hrs.,NARANJA
PRECIPITACIONES EN LA SIERRA Y SELVA,001,2018-01-03,2018-01-04,2018-01-08,84 Hrs.,NARANJA
PRECIPITACIONES EN LA SIERRA,122,2017-12-27,2017-12-28,2018-01-01,102 Hrs.,NARANJA
PRECIPITACIONES EN LA SIERRA Y SELVA,121,2017-12-22,2017-12-24,2017-12-28,84 Hrs.,ROJO
PRECIPITACIONES EN LA SIERRA (EXTENSIÓN DEL AVISO N°118),120,2017-12-20,2017-12-21,2017-12-23,54 Hrs.,NARANJA
LLUVIAS EN LA SELVA,119,2017-12-18,2017-12-18,2017-12-21,60 Hrs.,NARANJA
PRECIPITACIONES EN LA SIERRA,118,2017-12-16,2017-12-18,2017-12-21,60 Hrs.,NARANJA
PRECIPITACIONES EN LA SIERRA,117,2017-12-10,2017-12-12,2017-12-17,114 Hrs.,ROJO
LLUVIAS INTENSAS EN SELVA,116,2017-12-07,2017-12-09,2017-12-13,78 Hrs.,ROJO
PRECIPITACIONES EN LA SIERRA,115,2017-12-06,2017-12-07,2017-12-10,60 Hrs.,NARANJA
LLUVIAS EN LA SELVA,114,2017-12-02,2017-12-03,2017-12-06,66 Hrs.,NARANJA
PRECIPITACIONES EN LA SIERRA,113,2017-12-01,2017-12-03,2017-12-06,60 Hrs.,NARANJA
LLUVIAS EN LA SELVA,112,2017-11-25,2017-11-27,2017-11-30,78 Hrs.,NARANJA
PRECIPITACIONES EN LA SIERRA,111,2017-11-24,2017-11-26,2017-11-30,84 Hrs.,ROJO
DESCENSO DE LA TEMPERATURA NOCTURNA EN LA SIERRA,110,2017-11-18,2017-11-19,2017-11-24,108 Hrs.,NARANJA
PRECIPITACIONES EN LA SIERRA,109,2017-11-18,2017-11-19,2017-11-25,132 Hrs.,NARANJA
LLUVIAS INTENSAS EN LA SELVA,108,2017-11-17,2017-11-18,2017-11-22,84 Hrs.,ROJO
LLUVIAS INTENSAS EN SELVA,107,2017-11-09,2017-11-11,2017-11-14,84 Hrs.,ROJO
PRECIPITACIONES EN LA SIERRA,106,2017-11-08,2017-11-09,2017-11-14,108 Hrs.,NARANJA
PRECIPITACIONES EN LA SIERRA,105,2017-11-04,2017-11-05,2017-11-09,78 Hrs.,NARANJA
LLUVIAS EN SELVA,104,2017-11-02,2017-11-02,2017-11-07,102 Hrs.,ROJO
PRECIPITACIONES EN LA SELVA,103,2017-10-19,2017-10-21,2017-10-25,96 Hrs.,NARANJA
PRECIPITACIONES EN LA SIERRA CENTRAL Y NORTE,102,2017-10-19,2017-10-21,2017-10-24,60 Hrs.,NARANJA
DESCENSO DE TEMPERATURAS EN LA SIERRA SUR,101,2017-10-18,2017-10-20,2017-10-22,60 Hrs.,NARANJA
PRECIPITACIONES EN LA SELVA,100,2017-10-11,2017-10-13,2017-10-16,72 Hrs.,NARANJA
PRECIPITACIONES EN LA SIERRA,099,2017-10-09,2017-10-12,2017-10-17,108 Hrs.,NARANJA
DESCENSO DE TEMPERATURAS EN LA SIERRA SUR,098,2017-10-06,2017-10-07,2017-10-09,60 Hrs.,NARANJA
LLUVIAS EN LA SELVA,097,2017-09-29,2017-10-02,2017-10-04,54 Hrs.,NARANJA
DESCENSO DE TEMPERATURA NOCTURNA E INCREMENTO DE VIENTO EN LA SIERRA,096,2017-09-26,2017-09-29,2017-10-03,102 Hrs.,NARANJA
PRECIPITACIONES EN LA SIERRA,095,2017-09-20,2017-09-22,2017-09-27,108 Hrs.,NARANJA
INCREMENTO DE VIENTO EN LA COSTA,094,2017-09-18,2017-09-19,2017-09-22,60 Hrs.,NARANJA
INCREMENTO DE LLUVIAS EN LA SELVA,093,2017-09-13,2017-09-14,2017-09-18,84 Hrs.,NARANJA
LLUVIAS Y NEVADAS EN LA SIERRA,092,2017-09-11,2017-09-13,2017-09-17,90 Hrs.,ROJO
INCREMENTO DE VIENTO EN LA COSTA,091,2017-09-11,2017-09-13,2017-09-15,36 Hrs.,NARANJA
INCREMENTO DE VIENTO EN LA COSTA,090,2017-09-07,2017-09-09,2017-09-11,36 Hrs.,NARANJA
PRECIPITACIONES EN SIERRA,089,2017-09-04,2017-09-06,2017-09-10,84 Hrs.,NARANJA
INCREMENTO DE VIENTO EN LA COSTA,088,2017-08-31,2017-09-03,2017-09-05,36 Hrs.,NARANJA
FRIAJE EN LA SELVA,087,2017-08-17,2017-08-20,2017-08-23,54 Hrs.,NARANJA
DESCENSO DE TEMPERATURAS NOCTURNAS EN SIERRA,086,2017-08-16,2017-08-19,2017-08-24,132 Hrs.,NARANJA
INCREMENTO DEL VIENTO EN LA COSTA,085,2017-08-09,2017-08-11,2017-08-13,54 Hrs.,NARANJA
DESCENSO DE LA TEMPERATURA NOCTURNA E INCREMENTO DEL VIENTO EN LA SIERRA,084,2017-08-09,2017-08-10,2017-08-15,108 Hrs.,ROJO
FRIAJE EN LA SELVA SUR,083,2017-08-01,2017-08-03,2017-08-05,42 Hrs.,AMARILLO
DESCENSO DE TEMPERATURAS NOCTURNAS EN LA SIERRA,082,2017-07-26,2017-07-28,2017-07-31,84 Hrs.,NARANJA
DESCENSO DE TEMPERATURAS NOCTURNAS EN SIERRA SUR,081,2017-07-21,2017-07-22,2017-07-24,42 Hrs.,NARANJA
DESCENSO DE LA TEMPERATURA NOCTURNA EN LA SIERRA,080,2017-07-17,2017-07-19,2017-07-22,78 Hrs.,NARANJA
INCREMENTO DE VIENTO EN LA SIERRA SUR,079,2017-07-14,2017-07-16,2017-07-18,54 Hrs.,NARANJA
FRIAJE EN LA SELVA,078,2017-07-14,2017-07-17,2017-07-20,84 Hrs.,ROJO
INCREMENTO DE VIENTO EN LA COSTA,077,2017-07-12,2017-07-14,2017-07-18,102 Hrs.,NARANJA
DESCENSO DE TEMPERATURAS NOCTURNAS EN SIERRA,076,2017-07-05,2017-07-07,2017-07-11,108 Hrs.,NARANJA
DESCENSO DE TEMPERATURAS NOCTURNAS EN SIERRA,075,2017-06-30,2017-07-02,2017-07-05,84 Hrs.,NARANJA
INCREMENTO DE VIENTO EN LA COSTA,074,2017-06-23,2017-06-29,2017-07-02,72 Hrs.,NARANJA
FRIAJE EN LA SELVA,073,2017-06-17,2017-06-19,2017-06-23,96 Hrs.,ROJO
VIENTOS EN LA COSTA,072,2017-06-16,2017-06-17,2017-06-20,60 Hrs.,NARANJA
INCREMENTO DE TEMPERATURAS MÁXIMAS EN LA SELVA,071,2017-06-15,2017-06-16,2017-06-18,54 Hrs.,AMARILLO
DESCENSO DE TEMPERATURA EN LA SIERRA,070,2017-06-14,2017-06-15,2017-06-20,108 Hrs.,ROJO
DESCENSO DE TEMPERATURA NOCTURNA EN LA SIERRA SUR,069,2017-06-09,2017-06-11,2017-06-14,84 Hrs.,NARANJA
FRIAJE EN LA SELVA,068,2017-06-07,2017-06-07,2017-06-09,60 Hrs.,NARANJA
INCREMENTO DE VIENTO EN LA COSTA,067,2017-06-05,2017-06-07,2017-06-10,78 Hrs.,NARANJA
VIENTO Y NEVADAS EN SIERRA,066,2017-06-02,2017-06-04,2017-06-08,90 Hrs.,NARANJA
FRIAJE EN LA SELVA SUR,065,2017-05-29,2017-05-31,2017-06-02,48 Hrs.,AMARILLO
DESCENSO DE LA TEMPERATURA NOCTURNA EN LA SIERRA SUR,064,2017-05-29,2017-05-31,2017-06-02,54 Hrs.,NARANJA
INCREMENTO DEL VIENTO COSTERO,063,2017-05-22,2017-05-24,2017-05-27,60 Hrs.,NARANJA
NEVADAS EN LA SIERRA CENTRAL Y SUR,062,2017-05-19,2017-05-21,2017-05-24,66 Hrs.,NARANJA
INCREMENTO DEL VIENTO EN LA SIERRA SUR,061,2017-05-16,2017-05-17,2017-05-21,102 Hrs.,NARANJA
INCREMENTO DEL VIENTO EN LA COSTA,060,2017-05-16,2017-05-17,2017-05-20,78 Hrs.,NARANJA
DESCENSO DE TEMPERATURAS NOCTURNAS EN SIERRA,059,2017-05-09,2017-05-12,2017-05-14,60 Hrs.,NARANJA
NEVADAS EN SIERRA,058,2017-05-08,2017-05-10,2017-05-12,36 Hrs.,NARANJA
DESCENSO DE LA TEMPERATURA NOCTURNA EN LA SIERRA,057,2017-05-01,2017-05-02,2017-05-06,102 Hrs.,ROJO
PRECIPITACIONES EN LA SIERRA SUR,056,2017-04-28,2017-04-29,2017-04-30,30 Hrs.,NARANJA
FRIAJE EN LA SELVA,055,2017-04-24,2017-04-27,2017-04-29,66 Hrs.,ROJO
INCREMENTO DE VIENTO EN LA SIERRA SUR,054,2017-04-23,2017-04-25,2017-04-28,60 Hrs.,NARANJA
LLUVIAS EN EL NORTE,053,2017-04-20,2017-04-21,2017-04-23,42 Hrs.,NARANJA
DISMINUCIÓN DE TEMPERATURAS NOCTURNAS,052,2017-04-16,2017-04-19,2017-04-22,78 Hrs.,NARANJA
NEVADAS EN LA SIERRA SUR,051,2017-04-16,2017-04-16,2017-04-19,54 Hrs.,NARANJA
DESCENSO DE TEMPERATURAS NOCTURNAS,050,2017-04-12,2017-04-14,2017-04-16,54 Hrs.,NARANJA
LLUVIAS INTENSAS EN LA SELVA,049,2017-04-10,2017-04-11,2017-04-14,78 Hrs.,ROJO
DESCENSO DE TEMPERATURA NOCTURNA EN LA SIERRA SUR (EXTENSIÓN DEL AVISO 047),048,2017-04-05,2017-04-07,2017-04-11,102 Hrs.,NARANJA
DESCENSO DE TEMPERATURA NOCTURNA EN LA SIERRA SUR,047,2017-04-03,2017-04-05,2017-04-07,54 Hrs.,NARANJA
LLUVIAS EN EL NORTE,046,2017-03-31,2017-04-02,2017-04-04,42 Hrs.,ROJO
INCREMENTO DE VIENTO EN LA COSTA,045,2017-03-30,2017-04-01,2017-04-05,84 Hrs.,ROJO
PRECIPITACIONES EN LA SIERRA,044,2017-03-28,2017-03-29,2017-04-02,90 Hrs.,NARANJA
LLUVIAS EN EL NORTE,043,2017-03-27,2017-03-27,2017-04-01,114 Hrs.,ROJO
INCREMENTO DE VIENTO EN LA COSTA,042,2017-03-26,2017-03-28,2017-03-31,60 Hrs.,NARANJA
LLUVIA EN LA SIERRA,041,2017-03-24,2017-03-25,2017-03-29,96 Hrs.,NARANJA
LLUVIAS FUERTES EN LA COSTA NORTE,040,2017-03-24,2017-03-25,2017-03-27,60 Hrs.,ROJO
INCREMENTO DEL VIENTO COSTERO,039,2017-03-18,2017-03-20,2017-03-22,36 Hrs.,NARANJA
LLUVIAS EN LA VERTIENTE OCCIDENTAL,038,2017-03-18,2017-03-19,2017-03-25,132 Hrs.,ROJO
LLUVIAS EN SELVA,037,2017-03-15,2017-03-16,2017-03-19,60 Hrs.,ROJO
LLUVIAS EN EL NORTE,036,2017-03-14,2017-03-15,2017-03-19,90 Hrs.,ROJO
LLUVIAS EN LA SIERRA CENTRO Y SUR,035,2017-03-13,2017-03-16,2017-03-19,60 Hrs.,NARANJA
LLUVIAS EN EL NORTE,034,2017-03-10,2017-03-12,2017-03-15,66 Hrs.,ROJO
LLUVIAS EN LA SIERRA CENTRAL Y SUR,033,2017-03-10,2017-03-12,2017-03-16,84 Hrs.,NARANJA
LLUVIAS EN EL NORTE,032,2017-03-08,2017-03-09,2017-03-12,72 Hrs.,ROJO
LLUVIAS FUERTES EN LA SIERRA,031,2017-03-06,2017-03-07,2017-03-10,84 Hrs.,NARANJA
LLUVIAS FUERTES EN EL NORTE,030,2017-03-01,2017-03-03,2017-03-09,138 Hrs.,ROJO
VIENTOS EN LA COSTA,029,2017-03-01,2017-03-02,2017-03-07,108 Hrs.,NARANJA
PRECIPITACIONES EN LA SIERRA,028,2017-02-27,2017-02-28,2017-03-04,90 Hrs.,NARANJA
LLUVIAS EN LA SELVA ALTA,027,2017-02-27,2017-02-28,2017-03-04,84 Hrs.,NARANJA
LLUVIAS EN EL NORTE,026,2017-02-27,2017-02-27,2017-03-03,90 Hrs.,NARANJA
LLUVIAS EN EL NORTE (EXTENSIÓN DEL AVISO N°023),025,2017-02-23,2017-02-24,2017-02-27,66 Hrs.,NARANJA
PRECIPITACIONES EN LA SIERRA SUR,024,2017-02-22,2017-02-23,2017-02-27,84 Hrs.,NARANJA
LLUVIAS EN EL NORTE,023,2017-02-21,2017-02-21,2017-02-24,60 Hrs.,NARANJA
LLUVIAS ABUNDANTES EN LA SELVA,022,2017-02-20,2017-02-21,2017-02-26,114 Hrs.,ROJO
LLUVIAS FUERTES EN EL NORTE,021,2017-02-17,2017-02-17,2017-02-21,84 Hrs.,ROJO
LLUVIAS EN LA SIERRA SUR,020,2017-02-15,2017-02-16,2017-02-18,36 Hrs.,NARANJA
LLUVIAS EN LA SELVA,019,2017-02-10,2017-02-13,2017-02-16,60 Hrs.,NARANJA
LLUVIAS INTENSAS EN EL NORTE,018,2017-02-08,2017-02-09,2017-02-12,78 Hrs.,ROJO
PRECIPITACIONES EN LA SIERRA,017,2017-02-06,2017-02-07,2017-02-11,84 Hrs.,NARANJA
LLUVIAS FUERTES EN EL NORTE,016,2017-02-03,2017-02-04,2017-02-09,120 Hrs.,ROJO
INCREMENTO DE VIENTO EN LA COSTA,015,2017-02-03,2017-02-04,2017-02-07,60 Hrs.,NARANJA
LLUVIAS EN LA SIERRA,014,2017-01-31,2017-02-02,2017-02-06,84 Hrs.,NARANJA
LLUVIAS FUERTES EN EL NORTE,013,2017-01-28,2017-01-30,2017-02-04,120 Hrs.,ROJO
VIENTO EN LA SIERRA,012,2017-01-26,2017-01-27,2017-01-30,60 Hrs.,NARANJA
VIENTO EN LA SELVA,011,2017-01-26,2017-01-27,2017-01-30,66 Hrs.,ROJO
LLUVIAS EN EL NORTE,010,2017-01-24,2017-01-25,2017-01-27,36 Hrs.,NARANJA
PRECIPITACIONES EN LA SIERRA CENTRAL Y SUR,009,2017-01-23,2017-01-24,2017-01-28,84 Hrs.,NARANJA
LLUVIAS EN LA SELVA,008,2017-01-20,2017-01-22,2017-01-25,84 Hrs.,ROJO
NUEVAS LLUVIAS EN LA SIERRA CENTRAL,007,2017-01-18,2017-01-19,2017-01-24,108 Hrs.,NARANJA
PRECIPITACIONES EN LA SIERRA SUR,006,2017-01-16,2017-01-17,2017-01-20,60 Hrs.,NARANJA
PRECIPITACIONES EN LA SIERRA,005,2017-01-11,2017-01-12,2017-01-16,84 Hrs.,NARANJA
INCREMENTO DE VIENTO EN LA COSTA,004,2017-01-10,2017-01-11,2017-01-13,54 Hrs.,NARANJA
PRECIPITACIONES EN LA SELVA,003,2017-01-06,2017-01-09,2017-01-11,42 Hrs.,NARANJA
LLUVIAS INTENSAS EN LA SELVA,002,2017-01-02,2017-01-04,2017-01-07,72 Hrs.,NARANJA
LLUVIAS INTENSAS EN LA SIERRA,001,2017-01-02,2017-01-03,2017-01-06,72 Hrs.,NARANJA
PRECIPITACIONES EN LA SIERRA,099,2016-12-27,2016-12-28,2017-01-01,84 Hrs.,NARANJA
LLUVIAS FUERTES EN LA SELVA,098,2016-12-27,2016-12-28,2016-12-30,48 Hrs.,NARANJA
PRECIPITACIONES EN LA SIERRA,097,2016-12-13,2016-12-14,2016-12-17,60 Hrs.,NARANJA
LLUVIAS FUERTES EN LA SELVA,096,2016-12-12,2016-12-14,2016-12-16,42 Hrs.,NARANJA
"VIENTOS Y DISMINUCIÓN DE TEMPERATURAS
EN LA SIERRA SUR",095,2016-12-07,2016-12-09,2016-12-11,66 Hrs.,AMARILLO
VIENTO Y LLUVIAS EN LA SELVA SUR,094,2016-12-06,2016-12-07,2016-12-10,60 Hrs.,NARANJA
DESCENSO DE TEMPERATURAS NOCTURNAS EN LA SIERRA,093,2016-11-18,2016-11-20,2016-11-22,54 Hrs.,NARANJA
NEVADAS EN LA SIERRA,092,2016-11-16,2016-11-17,2016-11-19,48 Hrs.,NARANJA
LLUVIAS Y VIENTOS EN LA SELVA,091,2016-11-15,2016-11-17,2016-11-18,30 Hrs.,NARANJA
DESCENSO DE TEMPERATURA Y VIENTOS MODERADOS EN LA SIERRA,090,2016-11-10,2016-11-12,2016-11-16,96 Hrs.,NARANJA
VIENTOS MODERADOS CON PRECIPITACIONES EN LA SELVA,089,2016-11-10,2016-11-11,2016-11-16,108 Hrs.,NARANJA
PRECIPITACIONES EN LA SIERRA,088,2016-11-02,2016-11-04,2016-11-06,36 Hrs.,NARANJA
LLUVIAS EN LA SELVA,087,2016-10-31,2016-11-02,2016-11-04,42 Hrs.,NARANJA
DISMINUCIÓN DE TEMPERATURAS EN LA SIERRA SUR,086,2016-10-31,2016-11-01,2016-11-03,54 Hrs.,AMARILLO
LLUVIAS EN LA SELVA,085,2016-10-24,2016-10-26,2016-10-29,54 Hrs.,NARANJA
PRECIPITACIONES EN LA SIERRA SUR,084,2016-10-18,2016-10-20,2016-10-22,36 Hrs.,NARANJA
NEVADAS EN LA SIERRA,083,2016-10-15,2016-10-16,2016-10-19,60 Hrs.,NARANJA
INCREMENTO DE VIENTO EN LA COSTA,082,2016-10-14,2016-10-16,2016-10-18,54 Hrs.,AMARILLO
PRECIPITACIONES EN LA SELVA Y SIERRA,081,2016-10-06,2016-10-07,2016-10-11,102 Hrs.,NARANJA
DISMINUCIÓN DE TEMPERATURAS EN LA SIERRA SUR,080,2016-10-04,2016-10-06,2016-10-09,84 Hrs.,NARANJA
PRECIPITACIONES EN LA SELVA Y SIERRA,079,2016-09-22,2016-09-23,2016-09-26,66 Hrs.,NARANJA
PRECIPITACIONES EN LA SELVA NORTE,078,2016-09-14,2016-09-14,2016-09-17,72 Hrs.,NARANJA
INCREMENTO DE  TEMPERATURAS MÁXIMAS EN LA SELVA,077,2016-09-09,2016-09-10,2016-09-14,108 Hrs.,NARANJA
DESCENSO DE TEMPERATURAS MÍNIMAS EN LA SIERRA,076,2016-09-08,2016-09-10,2016-09-14,96 Hrs.,AMARILLO
FRIAJE EN LA SELVA,075,2016-09-01,2016-09-03,2016-09-06,66 Hrs.,NARANJA
INCREMENTO DE VIENTO EN LA COSTA,074,2016-08-31,2016-09-01,2016-09-02,30 Hrs.,AMARILLO
LLUVIAS Y DESCENSO DE TEMPERATURAS EN LA SELVA,073,2016-08-28,2016-08-29,2016-09-01,66 Hrs.,NARANJA
DESCENSO DE TEMPERATURAS NOCTURNAS EN LA SIERRA CENTRAL Y SUR,072,2016-08-26,2016-08-29,2016-08-31,60 Hrs.,NARANJA
PRECIPITACIONES EN LA SIERRA SUR,071,2016-08-25,2016-08-26,2016-08-28,42 Hrs.,NARANJA
INCREMENTO DE VIENTO EN LA COSTA,070,2016-08-25,2016-08-27,2016-08-29,54 Hrs.,NARANJA
FRIAJE EN LA SELVA,069,2016-08-17,2016-08-20,2016-08-23,66 Hrs.,ROJO
INCREMENTO DE VIENTO EN LA COSTA,068,2016-08-17,2016-08-18,2016-08-21,60 Hrs.,NARANJA
DESCENSO DE TEMPERATURAS NOCTURNAS EN LA SIERRA SUR (ACTUALIZACIÓN DEL AVISO 66),067,2016-08-12,2016-08-13,2016-08-16,78 Hrs.,ROJO
DESCENSO DE TEMPERATURAS NOCTURNAS EN LA SIERRA SUR,066,2016-08-10,2016-08-12,2016-08-16,102 Hrs.,NARANJA
LLUVIAS Y DESCENSO DE TEMPERATURAS EN LA SELVA,065,2016-08-08,2016-08-09,2016-08-12,72 Hrs.,NARANJA
INCREMENTO DE VIENTO EN LA SIERRA,064,2016-08-05,2016-08-05,2016-08-07,36 Hrs.,NARANJA
INCREMENTO DE VIENTO EN LA COSTA,063,2016-08-04,2016-08-06,2016-08-07,30 Hrs.,NARANJA
INCREMENTO DE TEMPERATURA EN LA SELVA,062,2016-08-03,2016-08-04,2016-08-06,54 Hrs.,NARANJA
DESCENSO DE TEMPERATURA EN LA SIERRA SUR,061,2016-07-24,2016-07-26,2016-07-29,78 Hrs.,NARANJA
INCREMENTO DE VIENTO EN LA COSTA,060,2016-07-22,2016-07-24,2016-07-27,78 Hrs.,NARANJA
DISMINUCIÓN DE TEMPERATURA EN LA SIERRA,059,2016-07-20,2016-07-22,2016-07-25,84 Hrs.,NARANJA
INCREMENTO DE TEMPERATURA EN SELVA,058,2016-07-20,2016-07-22,2016-07-24,54 Hrs.,NARANJA
FRIAJE EN LA SELVA,057,2016-07-14,2016-07-16,2016-07-19,66 Hrs.,NARANJA
VIENTOS INTENSOS EN LA COSTA,056,2016-07-14,2016-07-14,2016-07-17,60 Hrs.,NARANJA
INCREMENTO DE TEMPERATURA EN LA SELVA,055,2016-07-09,2016-07-10,2016-07-13,78 Hrs.,NARANJA
DISMINUCIÓN DE TEMPERATURAS EN LA SIERRA,054,2016-07-08,2016-07-11,2016-07-13,60 Hrs.,NARANJA
NEVADAS EN LA SIERRA CENTRAL Y SUR,053,2016-07-05,2016-07-06,2016-07-08,48 Hrs.,NARANJA
INCREMENTO DE VIENTOS EN LA COSTA,052,2016-07-02,2016-07-04,2016-07-06,54 Hrs.,NARANJA
INCREMENTO DE VIENTO EN LA SIERRA SUR,051,2016-07-01,2016-07-03,2016-07-06,66 Hrs.,NARANJA
NEVADAS EN LA SIERRA CENTRAL Y SUR,050,2016-06-26,2016-06-27,2016-06-29,42 Hrs.,NARANJA
LLUVIAS Y DESCENSO DE TEMPERATURAS EN LA SELVA (ACTUALIZACIÓN DEL AVISO N°047),049,2016-06-24,2016-06-26,2016-06-28,48 Hrs.,NARANJA
INCREMENTO DE VIENTOS EN LA COSTA,048,2016-06-22,2016-06-24,2016-06-26,66 Hrs.,NARANJA
LLUVIAS Y DESCENSO DE TEMPERATURAS EN LA SELVA,047,2016-06-22,2016-06-26,2016-06-29,72 Hrs.,NARANJA
DESCENSO DE TEMPERATURAS EN LA SIERRA,046,2016-06-16,2016-06-17,2016-06-22,126 Hrs.,NARANJA
FRIAJE EN LA SELVA (AMPLIACIóN DEL AVISO N°044),045,2016-06-11,2016-06-12,2016-06-13,36 Hrs.,NARANJA
FRIAJE EN LA SELVA,044,2016-06-06,2016-06-07,2016-06-12,114 Hrs.,NARANJA
VIENTOS INTENSOS EN LA COSTA,043,2016-06-03,2016-06-05,2016-06-09,84 Hrs.,NARANJA
"TEMPERATURAS MUY BAJAS EN LA SIERRA SUR
(AMPLIACIóN DEL AVISO N°41)",042,2016-05-30,2016-05-30,2016-06-03,96 Hrs.,NARANJA
DESCENSO DE TEMPERATURAS MINIMAS EN LA SIERRA,041,2016-05-25,2016-05-27,2016-05-30,84 Hrs.,NARANJA
QUINTO FRIAJE DEL AÑO,040,2016-05-20,2016-05-22,2016-05-25,60 Hrs.,NARANJA
DESCENSO DE TEMPERATURA NOCTURNA EN LA SIERRA SUR,039,2016-05-16,2016-05-18,2016-05-20,60 Hrs.,NARANJA
INCREMENTO DE VIENTO EN LA COSTA (ACTUALIZACIÓN DEL AVISO 37),038,2016-05-16,2016-05-16,2016-05-17,24 Hrs.,NARANJA
INCREMENTO DE VIENTO EN LA COSTA,037,2016-05-13,2016-05-14,2016-05-16,36 Hrs.,NARANJA
VIENTO FUERTE EN LA SIERRA SUR,036,2016-05-04,2016-05-07,2016-05-10,84 Hrs.,NARANJA
DESCENSO DE LA TEMPERATURA NOCTURNA EN LA SIERRA SUR,035,2016-04-26,2016-04-27,2016-04-30,84 Hrs.,NARANJA
CUARTO FRIAJE DEL AÑO,034,2016-04-22,2016-04-26,2016-04-30,84 Hrs.,ROJO
PRECIPITACIONES Y VIENTO EN LA SIERRA SUR (EXTENSIÓN DEL AVISO N°031),033,2016-04-19,2016-04-19,2016-04-20,24 Hrs.,NARANJA
VIENTO INTENSO EN LA COSTA,032,2016-04-16,2016-04-18,2016-04-21,78 Hrs.,ROJO
PRECIPITACIONES Y VIENTO EN LA SIERRA SUR,031,2016-04-14,2016-04-16,2016-04-19,84 Hrs.,NARANJA
LLUVIA EN SELVA POR TERCER FRIAJE DEL AÑO,030,2016-04-10,2016-04-11,2016-04-14,72 Hrs.,NARANJA
LLUVIAS EN EL NORTE DEL PAÍS,029,2016-04-09,2016-04-10,2016-04-12,36 Hrs.,NARANJA
INCREMENTO DE VIENTO EN LA COSTA,028,2016-04-06,2016-04-06,2016-04-11,108 Hrs.,NARANJA
LLUVIAS EN EL NORTE,027,2016-03-30,2016-03-30,2016-04-03,84 Hrs.,NARANJA
INCREMENTO DE VIENTOS EN LA COSTA,026,2016-03-29,2016-03-30,2016-04-02,78 Hrs.,NARANJA
LLUVIAS EN EL NORTE,025,2016-03-26,2016-03-27,2016-03-30,60 Hrs.,NARANJA
INCREMENTO DE VIENTO EN LA COSTA,024,2016-03-24,2016-03-24,2016-03-25,12 Hrs.,NARANJA
LLUVIA EN SELVA POR SEGUNDO FRIAJE DEL AÑO,023,2016-03-23,2016-03-25,2016-03-28,60 Hrs.,NARANJA
DESCENSO DE TEMPERATURAS NOCTURNAS,022,2016-03-23,2016-03-24,2016-03-26,60 Hrs.,NARANJA
LLUVIA EN SIERRA,021,2016-03-21,2016-03-21,2016-03-24,66 Hrs.,NARANJA
LLUVIAS EN EL NORTE,020,2016-03-19,2016-03-20,2016-03-23,78 Hrs.,NARANJA
INCREMENTO DE VIENTOS EN LA COSTA,019,2016-03-15,2016-03-16,2016-03-18,54 Hrs.,NARANJA
PRIMER FRIAJE DEL AÑO,018,2016-03-09,2016-03-10,2016-03-13,66 Hrs.,NARANJA
INCREMENTO DE LLUVIAS A NIVEL NACIONAL,017,2016-03-06,2016-03-07,2016-03-09,48 Hrs.,NARANJA
INCREMENTO DE LLUVIAS EN EL CENTRO Y NORTE,016,2016-03-04,2016-03-05,2016-03-07,42 Hrs.,NARANJA
LLUVIAS EN EL CENTRO Y NORTE,015,2016-02-29,2016-03-02,2016-03-05,66 Hrs.,ROJO
VIENTO EN COSTA,014,2016-02-28,2016-02-28,2016-03-03,102 Hrs.,NARANJA
INCREMENTO DE LLUVIAS EN LA REGIóN CENTRAL,013,2016-02-25,2016-02-25,2016-02-28,60 Hrs.,NARANJA
LLUVIAS EN EL NORTE,012,2016-02-25,2016-02-25,2016-02-28,66 Hrs.,ROJO
INCREMENTO DE LLUVIAS A NIVEL NACIONAL,011,2016-02-22,2016-02-22,2016-02-25,66 Hrs.,NARANJA
LLUVIAS EN EL NORTE DEL PAÍS,010,2016-02-17,2016-02-18,2016-02-20,54 Hrs.,NARANJA
LLUVIAS EN LA SELVA,009,2016-02-05,2016-02-06,2016-02-08,48 Hrs.,NARANJA
INCREMENTO DE VIENTO EN LA COSTA CENTRAL,008,2016-02-03,2016-02-06,2016-02-09,60 Hrs.,NARANJA
LLUVIAS EN EL NORTE DEL PERÚ,007,2016-02-02,2016-02-03,2016-02-05,54 Hrs.,NARANJA
LLUVIAS EN SELVA CENTRO Y SUR,006,2016-01-31,2016-02-01,2016-02-04,72 Hrs.,NARANJA
LLUVIAS EN EL NORTE DEL PERú,005,2016-01-28,2016-01-29,2016-02-01,72 Hrs.,ROJO
OLA DE CALOR EN LA SELVA,004,2016-01-22,2016-01-22,2016-01-26,96 Hrs.,AMARILLO
LLUVIAS EN EL NORTE DEL PERú,003,2016-01-18,2016-01-19,2016-01-22,66 Hrs.,NARANJA
VIENTOS FUERTES EN LA COSTA CENTRAL,002,2016-01-12,2016-01-13,2016-01-16,72 Hrs.,NARANJA
VIENTOS FUERTES EN LA COSTA,001,2016-01-06,2016-01-07,2016-01-09,54 Hrs.,AMARILLO
PRECIPITACIONES EN SIERRA Y SELVA,093,2015-12-31,2016-01-01,2016-01-04,72 Hrs.,NARANJA
DESCENSO DE TEMPERATURA EN LA SIERRA,092,2015-12-31,2016-01-01,2016-01-03,60 Hrs.,NARANJA
INCREMENTO DEL VIENTO,091,2015-12-28,2015-12-29,2016-01-01,60 Hrs.,NARANJA
CONTINUARÁ LA LLUVIA EN SIERRA Y SELVA ALTA,090,2015-12-22,2015-12-22,2015-12-25,72 Hrs.,NARANJA
LLUVIAS EN LA SIERRA Y SELVA,089,2015-12-17,2015-12-18,2015-12-22,96 Hrs.,NARANJA
LLUVIAS EN SIERRA Y SELVA,088,2015-11-27,2015-11-29,2015-12-02,60 Hrs.,ROJO
VIENTO EN LA COSTA,087,2015-11-25,2015-11-26,2015-11-29,60 Hrs.,NARANJA
VIENTOS EN LA COSTA CENTRAL,086,2015-11-09,2015-11-10,2015-11-13,72 Hrs.,NARANJA
INTENSIFICACIÓN DE LLUVIAS EN LA SELVA,085,2015-11-03,2015-11-05,2015-11-09,96 Hrs.,NARANJA
VIENTOS EN LA COSTA,084,2015-11-02,2015-11-03,2015-11-07,84 Hrs.,NARANJA
DESCENSO DE TEMPERATURAS NOCTURNAS Y VIENTO EN SIERRA,083,2015-10-31,2015-11-01,2015-11-04,72 Hrs.,NARANJA
INCREMENTO DE VIENTO EN LA COSTA,082,2015-10-18,2015-10-19,2015-10-21,54 Hrs.,AMARILLO
LLUVIAS ABUNDANTES EN LA SELVA,081,2015-10-09,2015-10-10,2015-10-13,84 Hrs.,NARANJA
VIENTOS EN LA COSTA CENTRAL Y SUR,080,2015-10-08,2015-10-10,2015-10-12,54 Hrs.,NARANJA
VIENTOS EN LA COSTA CENTRAL Y SUR,079,2015-10-03,2015-10-04,2015-10-07,72 Hrs.,NARANJA
VIENTO Y PRECIPITACIONES EN LA SIERRA,078,2015-09-28,2015-09-29,2015-10-03,90 Hrs.,NARANJA
PRECIPITACIONES EN LA SIERRA Y SELVA,077,2015-09-25,2015-09-26,2015-09-29,60 Hrs.,NARANJA
INCREMENTO DEL VIENTO EN LA COSTA,076,2015-09-21,2015-09-23,2015-09-27,102 Hrs.,NARANJA
PRECIPITACIONES EN LA SIERRA,075,2015-09-17,2015-09-18,2015-09-20,36 Hrs.,AMARILLO
OLA DE CALOR EN LA SELVA,074,2015-09-15,2015-09-16,2015-09-18,36 Hrs.,NARANJA
OCTAVO FRIAJE EN LA SELVA,073,2015-09-08,2015-09-12,2015-09-14,60 Hrs.,NARANJA
VIENTO EN LA COSTA,072,2015-09-05,2015-09-07,2015-09-11,84 Hrs.,NARANJA
DISMINUCIÓN DE TEMPERATURA E INCREMENTO DE VIENTOS EN LA SIERRA,071,2015-09-04,2015-09-07,2015-09-11,108 Hrs.,NARANJA
NEVADAS EN LA SIERRA CENTRAL Y SUR,070,2015-09-02,2015-09-03,2015-09-06,66 Hrs.,NARANJA
VIENTO EN SIERRA Y DISMINUCIÓN DE TEMPERATURAS,069,2015-08-29,2015-08-29,2015-08-31,48 Hrs.,NARANJA
OLA DE CALOR A LA SELVA (ACTUALIZACIóN DEL AVISO N° 066),068,2015-08-22,2015-08-23,2015-08-23,12 Hrs.,NARANJA
DISMINUCIÓN DE TEMPERATURAS E INCREMENTO DE VIENTO EN LA SIERRA,067,2015-08-22,2015-08-25,2015-08-28,84 Hrs.,NARANJA
OLA DE CALOR A LA SELVA,066,2015-08-18,2015-08-19,2015-08-22,78 Hrs.,NARANJA
LLUVIAS Y NEVADAS EN LA SIERRA SUR,065,2015-08-16,2015-08-17,2015-08-19,60 Hrs.,NARANJA
INCREMENTO DE VIENTO EN COSTA,064,2015-08-10,2015-08-11,2015-08-15,84 Hrs.,ROJO
PRECIPITACIONES EN SIERRA,063,2015-08-10,2015-08-11,2015-08-15,84 Hrs.,NARANJA
VIENTO Y DISMINUCIÓN DE TEMPERATURAS EN LA SIERRA SUR,062,2015-08-05,2015-08-08,2015-08-11,66 Hrs.,ROJO
VIENTOS EN LA COSTA,061,2015-08-05,2015-08-08,2015-08-12,84 Hrs.,ROJO
SÉPTIMO FRIAJE EN LA SELVA,060,2015-07-19,2015-07-21,2015-07-23,48 Hrs.,NARANJA
PRECIPITACIONES EN LA SIERRA CENTRAL Y SUR,059,2015-07-14,2015-07-15,2015-07-17,36 Hrs.,NARANJA
SEXTO FRIAJE EN LA SELVA,058,2015-07-14,2015-07-15,2015-07-17,36 Hrs.,AMARILLO
VIENTOS EN LA COSTA,057,2015-07-10,2015-07-13,2015-07-15,36 Hrs.,NARANJA
DISMINUCIÓN DE TEMPERATURAS EN LA SIERRA,056,2015-07-08,2015-07-08,2015-07-10,42 Hrs.,NARANJA
VIENTOS EN LA COSTA,055,2015-07-04,2015-07-05,2015-07-08,84 Hrs.,NARANJA
QUINTO FRIAJE EN LA SELVA,054,2015-07-04,2015-07-04,2015-07-07,78 Hrs.,NARANJA
DISMINUCIÓN DE TEMPERATURAS EN LA SIERRA,053,2015-07-01,2015-07-06,2015-07-08,54 Hrs.,ROJO
NEVADAS EN SIERRA CENTRAL Y SUR,052,2015-06-30,2015-07-02,2015-07-05,66 Hrs.,ROJO
VIENTOS EN LA COSTA CENTRAL Y SUR,051,2015-06-22,2015-06-24,2015-06-27,60 Hrs.,AMARILLO
CUARTO FRIAJE EN LA SELVA,050,2015-06-17,2015-06-18,2015-06-20,60 Hrs.,NARANJA
DESCENSO DE TEMPERATURAS EN LA SIERRA SUR,049,2015-06-12,2015-06-14,2015-06-15,36 Hrs.,AMARILLO
LLUVIAS EN LA SELVA (TERCERO FRIAJE DEL AÑO),048,2015-06-12,2015-06-15,2015-06-16,36 Hrs.,AMARILLO
INCREMENTO DEL VIENTO EN LA COSTA,047,2015-06-10,2015-06-10,2015-06-15,108 Hrs.,NARANJA
DESCENSO DE TEMPERATURAS EN LA SIERRA,046,2015-06-04,2015-06-06,2015-06-09,84 Hrs.,ROJO
LLOVIZNAS EN LA COSTA CENTRAL,045,2015-06-02,2015-06-02,2015-06-04,36 Hrs.,AMARILLO
DISMINUCIÓN DE TEMPERATURAS EN LA SIERRA,044,2015-05-27,2015-05-28,2015-05-30,54 Hrs.,NARANJA
NEVADAS EN LA CORDILLERA CENTRAL,043,2015-05-25,2015-05-26,2015-05-27,36 Hrs.,NARANJA
INCREMENTO DEL VIENTO EN LA COSTA CENTRAL,042,2015-05-24,2015-05-26,2015-05-28,36 Hrs.,NARANJA
DISMINUCIÓN DE TEMPERATURAS EN LA SIERRA,041,2015-05-20,2015-05-21,2015-05-23,36 Hrs.,NARANJA
VIENTOS EN LA COSTA CENTRAL,040,2015-05-19,2015-05-20,2015-05-22,36 Hrs.,AMARILLO
NEVADAS EN LA SIERRA SUR,039,2015-05-15,2015-05-15,2015-05-17,36 Hrs.,AMARILLO
INCREMENTO DE VIENTO EN LA COSTA,038,2015-05-07,2015-05-08,2015-05-11,60 Hrs.,NARANJA
LLUVIAS EN EL NORTE,037,2015-05-05,2015-05-05,2015-05-08,60 Hrs.,NARANJA
DISMINUCIÓN DE TEMPERATURAS EN LA SIERRA SUR,036,2015-04-30,2015-05-02,2015-05-04,60 Hrs.,NARANJA
PRECIPITACIONES EN EL NORTE,035,2015-04-28,2015-04-28,2015-05-01,72 Hrs.,NARANJA
PRECIPITACIONES EN LA SIERRA SUR,034,2015-04-22,2015-04-23,2015-04-26,60 Hrs.,NARANJA
PRECIPITACIONES EN EL NORTE,033,2015-04-21,2015-04-21,2015-04-25,84 Hrs.,NARANJA
LLUVIAS EN EL NORTE,032,2015-04-14,2015-04-14,2015-04-20,126 Hrs.,NARANJA
LLUVIA Y NEVADA EN LA SIERRA CENTRAL Y SUR,031,2015-04-06,2015-04-09,2015-04-12,60 Hrs.,NARANJA
INCREMENTO DEL VIENTO EN LA COSTA,030,2015-04-06,2015-04-07,2015-04-08,24 Hrs.,NARANJA
LLUVIAS EN LA SIERRA,029,2015-03-31,2015-04-01,2015-04-05,96 Hrs.,NARANJA
INCREMENTO DE VIENTO EN LA COSTA,028,2015-03-31,2015-04-01,2015-04-04,60 Hrs.,NARANJA
LLUVIAS EN LA COSTA Y SIERRA NORTE,027,2015-03-28,2015-03-28,2015-04-02,120 Hrs.,ROJO
LLUVIAS EN LA SELVA (PRIMER FRIAJE DEL AÑO),026,2015-03-27,2015-03-27,2015-03-30,60 Hrs.,NARANJA
VIENTOS EN LA COSTA CENTRAL,025,2015-03-26,2015-03-27,2015-03-29,54 Hrs.,NARANJA
PRECIPITACIONES EN LA ZONA CENTRAL,024,2015-03-25,2015-03-25,2015-03-28,66 Hrs.,NARANJA
CONTINUARAN LAS LLUVIAS EN LA COSTA,023,2015-03-23,2015-03-23,2015-03-27,90 Hrs.,NARANJA
ALTAS TEMPERATURAS EN COSTA (ACTUALIZACIóN DEL AVISO N°019),022,2015-03-23,2015-03-23,2015-03-28,126 Hrs.,NARANJA
PRECIPITACIONES EN LA SIERRA,021,2015-03-22,2015-03-23,2015-03-28,108 Hrs.,NARANJA
PRECIPITACIONES EN LA SIERRA CENTRAL,020,2015-03-20,2015-03-21,2015-03-22,30 Hrs.,AMARILLO
INCREMENTO DE TEMPERATURAS EN LA COSTA,019,2015-03-17,2015-03-17,2015-03-23,144 Hrs.,AMARILLO
LLUVIA EN COSTA Y SIERRA NORTE,018,2015-03-16,2015-03-17,2015-03-20,84 Hrs.,NARANJA
LLUVIAS EN SIERRA Y SELVA,017,2015-03-03,2015-03-03,2015-03-08,108 Hrs.,NARANJA
INTENSIFICACIÓN DE LAS LLUVIAS EN SIERRA,016,2015-02-21,2015-02-22,2015-02-25,60 Hrs.,NARANJA
INCREMENTO DEL VIENTO EN LA COSTA,015,2015-02-20,2015-02-22,2015-02-26,84 Hrs.,NARANJA
LLUVIAS ABUNDANTES EN LA SELVA,014,2015-02-17,2015-02-18,2015-02-23,120 Hrs.,NARANJA
INTENSIFICACIÓN DE LAS LLUVIAS A NIVEL NACIONAL,013,2015-02-13,2015-02-13,2015-02-17,96 Hrs.,NARANJA
PRECIPITACIONES EN LA SIERRA CENTRAL,012,2015-02-10,2015-02-11,2015-02-12,24 Hrs.,AMARILLO
PRECIPITACIONES EN LA SIERRA Y SELVA,011,2015-02-06,2015-02-07,2015-02-09,48 Hrs.,NARANJA
PRECIPITACIONES EN LA SIERRA CENTRO Y SUR,010,2015-01-29,2015-01-30,2015-02-01,66 Hrs.,NARANJA
VIENTOS EN LA COSTA NORTE,009,2015-01-28,2015-01-29,2015-01-31,54 Hrs.,NARANJA
PRECIPITACIONES EN LA SIERRA Y LA SELVA,008,2015-01-25,2015-01-26,2015-01-28,66 Hrs.,NARANJA
PRECIPITACIONES EN LA SIERRA CENTRAL Y SUR,007,2015-01-23,2015-01-23,2015-01-25,30 Hrs.,NARANJA
VIENTOS EN LA COSTA CENTRAL,006,2015-01-20,2015-01-21,2015-01-23,54 Hrs.,NARANJA
PRECIPITACIONES EN LA SIERRA Y LA SELVA,005,2015-01-19,2015-01-20,2015-01-22,60 Hrs.,NARANJA
DISMINUCIóN DE TEMPERATURAS NOCTURNAS EN LA SIERRA SUR,004,2015-01-14,2015-01-15,2015-01-18,78 Hrs.,NARANJA
VIENTO EN COSTA CENTRAL,003,2015-01-09,2015-01-10,2015-01-12,36 Hrs.,NARANJA
LLUVIAS Y NEVADAS EN SIERRA CENTRAL Y SUR,002,2015-01-07,2015-01-08,2015-01-11,60 Hrs.,NARANJA
VIENTOS EN LA COSTA CENTRAL,001,2015-01-04,2015-01-05,2015-01-07,54 Hrs.,AMARILLO
PRECIPITACIONES EN LA SIERRA Y SELVA,078,2014-12-31,2015-01-02,2015-01-04,54 Hrs.,NARANJA
LLUVIAS Y NEVADAS EN SIERRA CENTRAL Y SUR,077,2014-12-27,2014-12-27,2014-12-29,36 Hrs.,NARANJA
VIENTOS EN COSTA CENTRAL,076,2014-12-21,2014-12-23,2014-12-24,36 Hrs.,NARANJA
LLUVIAS EN SELVA,075,2014-12-21,2014-12-22,2014-12-25,60 Hrs.,NARANJA
PRECIPITACIONES EN LA SELVA ALTA Y SIERRA CENTRAL,074,2014-12-02,2014-12-02,2014-12-05,60 Hrs.,AMARILLO
VIENTOS EN COSTA CENTRAL,073,2014-11-28,2014-11-29,2014-12-01,42 Hrs.,AMARILLO
PRECIPITACIONES EN LA SELVA ALTA,072,2014-11-26,2014-11-27,2014-11-30,60 Hrs.,NARANJA
DESCENSO DE TEMPERATURAS EN LA SIERRA SUR,071,2014-11-22,2014-11-23,2014-11-27,102 Hrs.,NARANJA
LLUVIAS EN SIERRA Y SELVA,070,2014-11-11,2014-11-13,2014-11-16,66 Hrs.,ROJO
PRECIPITACIONES EN LA SIERRA Y SELVA,069,2014-11-05,2014-11-05,2014-11-08,60 Hrs.,NARANJA
DESCENSO DE TEMPERATURAS EN LA SIERRA SUR,068,2014-10-23,2014-10-24,2014-10-25,30 Hrs.,NARANJA
VIENTOS FUERTES EN LA SIERRA NORTE Y CENTRAL,067,2014-10-15,2014-10-15,2014-10-17,54 Hrs.,NARANJA
INCREMENTO DE TEMPERATURAS EN SELVA SUR,066,2014-10-12,2014-10-13,2014-10-15,54 Hrs.,NARANJA
PRECIPITACIONES EN LA SIERRA Y SELVA,065,2014-10-08,2014-10-08,2014-10-10,54 Hrs.,NARANJA
PRECIPITACIONES EN LA SIERRA,064,2014-10-02,2014-10-05,2014-10-07,42 Hrs.,ROJO
LLUVIAS EN LA SELVA,063,2014-10-02,2014-10-04,2014-10-07,66 Hrs.,NARANJA
LLUVIAS EN SIERRA SUR Y CENTRAL,062,2014-09-29,2014-09-29,2014-09-30,18 Hrs.,NARANJA
VIENTOS EN LA COSTA NORTE Y CENTRAL,061,2014-09-20,2014-09-22,2014-09-25,66 Hrs.,NARANJA
LLUVIAS Y NEVADAS EN SIERRA CENTRAL Y SUR,060,2014-09-19,2014-09-20,2014-09-24,96 Hrs.,NARANJA
LLUVIAS Y NEVADAS EN SIERRA CENTRAL Y SUR,059,2014-09-17,2014-09-17,2014-09-19,42 Hrs.,NARANJA
DESCENSO DE TEMPERATURAS EN LA SIERRA SUR,058,2014-09-12,2014-09-14,2014-09-16,60 Hrs.,NARANJA
"PRECIPITACIONES Y VIENTOS EN SIERRA SUR
(ACTUALIZACIóN DEL AVISO 56)",057,2014-09-11,2014-09-12,2014-09-14,42 Hrs.,NARANJA
VIENTOS EN SIERRA SUR,056,2014-09-10,2014-09-12,2014-09-14,42 Hrs.,NARANJA
VIENTOS EN LA COSTA CENTRAL,055,2014-09-09,2014-09-09,2014-09-11,36 Hrs.,AMARILLO
LLUVIAS Y NEVADAS EN LA SIERRA CENTRAL Y SUR,054,2014-09-04,2014-09-05,2014-09-07,36 Hrs.,NARANJA
VIENTOS EN COSTA CENTRAL Y SUR,053,2014-09-02,2014-09-04,2014-09-07,66 Hrs.,NARANJA
VIENTOS EN COSTA CENTRAL,052,2014-08-28,2014-08-29,2014-08-31,48 Hrs.,AMARILLO
LLUVIAS Y NEVADAS EN SIERRA CENTRAL Y SUR,051,2014-08-27,2014-08-29,2014-09-01,72 Hrs.,NARANJA
VIENTOS EN COSTA CENTRO Y SUR,050,2014-08-21,2014-08-22,2014-08-24,54 Hrs.,NARANJA
INCREMENTO DE TEMPERATURAS EN LA SELVA CENTRAL Y SUR,049,2014-08-19,2014-08-21,2014-08-24,78 Hrs.,NARANJA
DESCENSO DE TEMPERATURAS EN LA SIERRA SUR,048,2014-08-15,2014-08-16,2014-08-20,84 Hrs.,NARANJA
OCTAVO FRIAJE DEL AñO EN LA SELVA,047,2014-08-11,2014-08-13,2014-08-15,48 Hrs.,NARANJA
VIENTOS EN COSTA CENTRO Y NORTE,046,2014-08-10,2014-08-10,2014-08-12,36 Hrs.,NARANJA
LLUVIAS EN SIERRA SUR Y CENTRAL,045,2014-08-07,2014-08-08,2014-08-10,42 Hrs.,NARANJA
SéPTIMO FRIAJE DEL AñO EN LA SELVA,044,2014-08-06,2014-08-08,2014-08-10,48 Hrs.,NARANJA
VIENTOS FUERTES EN COSTA CENTRAL Y NORTE,043,2014-08-05,2014-08-06,2014-08-09,72 Hrs.,NARANJA
HELADAS Y DESCENSO DE TEMPERATURAS EN SIERRA SUR Y CENTRAL,042,2014-07-30,2014-08-01,2014-08-04,66 Hrs.,NARANJA
NEVADAS EN SIERRA CENTRAL Y SUR,041,2014-07-24,2014-07-27,2014-07-30,78 Hrs.,NARANJA
SEXTO FRIAJE DEL AñO EN LA SELVA,040,2014-07-22,2014-07-24,2014-07-27,78 Hrs.,NARANJA
VIENTOS INTENSOS EN COSTA CENTRAL Y NORTE,039,2014-07-20,2014-07-22,2014-07-25,78 Hrs.,NARANJA
NEVADAS EN LA SIERRA CENTRAL Y SUR,038,2014-07-20,2014-07-20,2014-07-22,36 Hrs.,NARANJA
"QUINTO FRIAJE, SELVA SUR Y CENTRAL",037,2014-07-18,2014-07-18,2014-07-20,48 Hrs.,NARANJA
VIENTOS FUERTES EN COSTA CENTRAL Y NORTE,036,2014-07-13,2014-07-14,2014-07-17,78 Hrs.,NARANJA
CUARTO FRIAJE DEL AñO EN LA SELVA,035,2014-07-06,2014-07-07,2014-07-10,66 Hrs.,NARANJA
HELADAS EN LA SIERRA SUR,034,2014-07-04,2014-07-05,2014-07-07,48 Hrs.,NARANJA
VIENTOS FUERTES EN LA COSTA,033,2014-07-02,2014-07-04,2014-07-06,48 Hrs.,NARANJA
NEVADAS EN LA SIERRA,032,2014-06-29,2014-07-02,2014-07-04,54 Hrs.,NARANJA
VIENTOS FUERTES EN COSTA,031,2014-06-26,2014-06-26,2014-06-27,24 Hrs.,NARANJA
"TERCER FRIAJE, SELVA SUR Y CENTRAL",030,2014-06-23,2014-06-27,2014-06-29,48 Hrs.,NARANJA
VIENTOS FUERTES EN LA COSTA,029,2014-06-11,2014-06-12,2014-06-13,36 Hrs.,NARANJA
INCREMENTO DE VIENTO EN LA COSTA,028,2014-06-04,2014-06-05,2014-06-09,102 Hrs.,NARANJA
"INTENSIFICACIóN DE HELADAS EN LA SIERRA CENTRAL Y SUR, DEL 23 AL 26 DE MAYO",027,2014-05-20,2014-05-23,2014-05-26,78 Hrs.,NARANJA
SEGUNDO FRIAJE EN LA SELVA,026,2014-05-20,2014-05-23,2014-05-25,48 Hrs.,NARANJA
"NEVADAS Y VIENTO FUERTE EN LA SIERRA, DEL 22 AL 24 DE MAYO",025,2014-05-20,2014-05-22,2014-05-24,48 Hrs.,NARANJA
VIENTOS FUERTES EN LA COSTA CENTRAL,024,2014-05-20,2014-05-22,2014-05-25,78 Hrs.,NARANJA
INCREMENTO DE VIENTOS EN LA COSTA CENTRAL,023,2014-05-13,2014-05-13,2014-05-16,78 Hrs.,NARANJA
HELADAS EN SIERRA SUR,022,2014-05-03,2014-05-05,2014-05-07,36 Hrs.,NARANJA
HELADAS EN LA SIERRA SUR,021,2014-04-28,2014-05-01,2014-05-02,36 Hrs.,NARANJA
HELADAS EN LA SIERRA SUR,020,2014-04-22,2014-04-25,2014-04-28,78 Hrs.,NARANJA
PRIMER FRIAJE DEL AÑO,019,2014-04-09,2014-04-12,2014-04-16,84 Hrs.,NARANJA
INCREMENTO DE VIENTO EN LA COSTA,018,2014-04-04,2014-04-06,2014-04-08,54 Hrs.,NARANJA
INCREMENTO DE VIENTOS EN COSTA,017,2014-03-29,2014-04-01,2014-04-03,54 Hrs.,NARANJA
HELADAS EN SIERRA SUR,016,2014-03-25,2014-03-26,2014-03-31,120 Hrs.,NARANJA
LLUVIAS EN SELVA,015,2014-03-21,2014-03-22,2014-03-25,72 Hrs.,NARANJA
LLUVIAS EN SIERRA Y SELVA,014,2014-03-16,2014-03-16,2014-03-20,114 Hrs.,NARANJA
LLUVIAS EN LA SELVA (AMPLIACIÓN DEL AVISO 13),013,2014-03-07,2014-03-11,2014-03-14,72 Hrs.,NARANJA
LLUVIAS EN  SELVA SUR Y CENTRAL,012,2014-03-02,2014-03-03,2014-03-06,60 Hrs.,NARANJA
LLUVIA EN SIERRA CENTRAL Y SUR,011,2014-02-20,2014-02-21,2014-02-25,108 Hrs.,NARANJA
LLUVIAS EN LA SELVA SUR,010,2014-02-14,2014-02-14,2014-02-17,60 Hrs.,NARANJA
HELADAS EN SIERRA SUR,009,2014-02-09,2014-02-11,2014-02-14,78 Hrs.,NARANJA
HELADAS EN SIERRA SUR,008,2014-02-03,2014-02-03,2014-02-04,24 Hrs.,NARANJA
VIENTO MODERADO EN COSTA CENTRAL Y NORTE,007,2014-01-31,2014-02-01,2014-02-04,60 Hrs.,NARANJA
LLUVIAS EN SIERRA Y SELVA,006,2014-01-29,2014-01-29,2014-02-03,120 Hrs.,ROJO
LLUVIAS EN SELVA CENTRAL Y SUR,005,2014-01-26,2014-01-26,2014-01-27,36 Hrs.,ROJO
INCREMENTO DE VIENTOS EN LA COSTA CENTRAL,004,2014-01-17,2014-01-19,2014-01-21,48 Hrs.,NARANJA
PRECIPITACIONES EN SIERRA SUR,003,2014-01-15,2014-01-16,2014-01-19,78 Hrs.,NARANJA
LLUVIAS EN LA SIERRA Y COSTA,002,2014-01-09,2014-01-09,2014-01-13,96 Hrs.,NARANJA
LLUVIAS EN LA SIERRA Y SELVA,001,2014-01-02,2014-01-03,2014-01-06,78 Hrs.,NARANJA
LLUVIAS EN LA SIERRA Y SELVA,052,2013-12-28,2013-12-29,2014-01-02,96 Hrs.,NARANJA
LLUVIAS EN LA SELVA,051,2013-12-18,2013-12-19,2013-12-24,120 Hrs.,NARANJA
LLUVIAS Y NEVADAS EN LA SIERRA,050,2013-12-12,2013-12-12,2013-12-15,60 Hrs.,NARANJA
LLUVIAS EN SELVA Y SIERRA,049,2013-12-02,2013-12-02,2013-12-06,78 Hrs.,NARANJA
DESCENSO DE TEMPERATURA MÍNIMA EN SIERRA SUR Y CENTRAL,048,2013-11-23,2013-11-24,2013-11-26,60 Hrs.,NARANJA
LLUVIA EN LA SELVA,047,2013-11-16,2013-11-16,2013-11-22,144 Hrs.,NARANJA
LLUVIAS EN LA SIERRA Y SELVA,046,2013-11-06,2013-11-07,2013-11-08,24 Hrs.,NARANJA
DÉCIMO FRIAJE EN LA SELVA,045,2013-11-01,2013-11-03,2013-11-06,72 Hrs.,NARANJA
LLUVIAS Y NEVADAS EN LA SIERRA,044,2013-10-13,2013-10-13,2013-10-16,60 Hrs.,NARANJA
INCREMENTO DE VIENTOS EN LA COSTA CENTRAL,043,2013-10-09,2013-10-10,2013-10-12,48 Hrs.,NARANJA
NOVENO FRIAJE EN LA SELVA,042,2013-10-02,2013-10-04,2013-10-08,84 Hrs.,NARANJA
FRIAJE EN LA SELVA,041,2013-09-21,2013-09-23,2013-09-26,72 Hrs.,NARANJA
INCREMENTO DE VIENTOS EN LA COSTA,040,2013-09-20,2013-09-21,2013-09-24,72 Hrs.,NARANJA
SÉPTIMO FRIAJE EN LA SELVA,039,2013-09-16,2013-09-18,2013-09-21,90 Hrs.,NARANJA
LLUVIAS Y NEVADAS AISLADAS EN LA SIERRA,038,2013-09-13,2013-09-13,2013-09-16,60 Hrs.,NARANJA
INCREMENTO DE VIENTOS EN LA COSTA,037,2013-09-11,2013-09-13,2013-09-18,120 Hrs.,NARANJA
INCREMENTO DE VIENTOS EN COSTA,036,2013-08-29,2013-08-31,2013-09-01,36 Hrs.,NARANJA
HELADAS INTENSAS EN SIERRA SUR Y CENTRAL,035,2013-08-28,2013-09-01,2013-09-06,138 Hrs.,NARANJA
LLUVIAS Y NEVADAS EN SIERRA SUR Y CENTRAL,034,2013-08-25,2013-08-28,2013-08-29,36 Hrs.,NARANJA
FRIAJE EN LA SELVA,033,2013-08-22,2013-08-25,2013-08-29,96 Hrs.,NARANJA
INCREMENTO DE VIENTOS EN COSTA CENTRAL,032,2013-08-22,2013-08-24,2013-08-27,60 Hrs.,NARANJA
LLUVIAS Y NEVADAS EN LA SIERRA,031,2013-08-20,2013-08-23,2013-08-25,48 Hrs.,NARANJA
FRIAJE INTENSO EN SELVA PERUANA,030,2013-08-11,2013-08-14,2013-08-18,108 Hrs.,ROJO
CUARTO FRIAJE DEL AÑO,029,2013-08-05,2013-08-09,2013-08-13,96 Hrs.,NARANJA
AMPLIACIÓN DEL AVISO N° 026: FRIAJE EN LA SELVA,028,2013-07-23,2013-07-23,2013-07-28,120 Hrs.,ROJO
INCREMENTO DE VIENTOS EN COSTA CENTRAL,027,2013-07-20,2013-07-21,2013-07-24,72 Hrs.,NARANJA
FRIAJE EN LA SELVA,026,2013-07-17,2013-07-21,2013-07-25,96 Hrs.,NARANJA
NEVADAS EN SIERRA CENTRAL Y SUR,025,2013-07-13,2013-07-14,2013-07-16,48 Hrs.,NARANJA
INCREMENTO DE VIENTOS EN COSTA,024,2013-06-25,2013-06-26,2013-06-29,78 Hrs.,NARANJA
DESCENSO DE LA TEMPERATURA EN SIERRA SUR,023,2013-06-24,2013-06-26,2013-06-29,84 Hrs.,ROJO
INCREMENTO DE VIENTOS EN COSTA CENTRAL,022,2013-06-16,2013-06-18,2013-06-21,72 Hrs.,NARANJA
DESCENSO DE LA TEMPERATURA EN SIERRA SUR,021,2013-06-14,2013-06-16,2013-06-19,78 Hrs.,ROJO
PRECIPITACIONES EN SIERRA CENTRAL Y SUR,020,2013-06-09,2013-06-12,2013-06-14,60 Hrs.,NARANJA
LLUVIAS Y NEVADAS EN LA SIERRA,019,2013-06-06,2013-06-06,2013-06-11,108 Hrs.,NARANJA
INCREMENTO DE VIENTOS EN COSTA CENTRAL,018,2013-05-31,2013-06-01,2013-06-03,48 Hrs.,NARANJA
DESCENSO DE LA TEMPERATURA EN SIERRA SUR Y CENTRAL,017,2013-05-24,2013-05-26,2013-06-01,144 Hrs.,NARANJA
INCREMENTO DE VIENTOS EN COSTA CENTRAL,016,2013-05-14,2013-05-18,2013-05-21,72 Hrs.,NARANJA
FRIAJE EN LA SELVA SUR Y CENTRAL,015,2013-05-14,2013-05-16,2013-05-19,72 Hrs.,NARANJA
PRECIPITACIONES SÓLIDAS EN SIERRA CENTRAL Y SUR,014,2013-05-11,2013-05-15,2013-05-18,84 Hrs.,NARANJA
FRIAJE EN LA SELVA SUR Y CENTRAL,013,2013-05-03,2013-05-06,2013-05-10,96 Hrs.,NARANJA
PRECIPITACIONES EN LA SIERRA CENTRAL Y SUR,012,2013-05-01,2013-05-02,2013-05-06,96 Hrs.,NARANJA
INCREMENTO DE VIENTOS EN COSTA CENTRAL,011,2013-04-30,2013-05-01,2013-05-04,72 Hrs.,NARANJA
LLUVIAS EN LA SELVA,010,2013-03-13,2013-03-14,2013-03-18,96 Hrs.,NARANJA
LLUVIAS EN LA SIERRA,009,2013-03-02,2013-03-03,2013-03-07,96 Hrs.,NARANJA
LLUVIAS EN LA CORDILLERA,008,2013-02-19,2013-02-19,2013-02-23,96 Hrs.,NARANJA
AUMENTO DE LAS LLUVIAS A NIVEL NACIONAL,006,2013-02-04,2013-02-04,2013-02-08,96 Hrs.,NARANJA
PRECIPITACIONES EN LA SIERRA CENTRAL Y SUR,005,2013-01-21,2013-01-22,2013-01-27,120 Hrs.,NARANJA
LLUVIAS EN SIERRA CENTRAL Y SUR DEL PAIS,004,2013-01-15,2013-01-16,2013-01-20,84 Hrs.,NARANJA
INTENSAS LLUVIAS EN SIERRA Y SELVA DEL PAIS,003,2013-01-11,2013-01-11,2013-01-15,96 Hrs.,NARANJA
PRECIPITACIONES EN LA SIERRA CENTRAL Y SUR,002,2013-01-08,2013-01-08,2013-01-11,54 Hrs.,NARANJA
PRECIPITACIONES EN LA SIERRA CENTRAL Y SUR,001,2013-01-04,2013-01-04,2013-01-06,48 Hrs.,ROJO
LLUVIAS EN LA SIERRA Y SELVA DEL PAÍS,034,2012-12-29,2012-12-29,2013-01-01,60 Hrs.,ROJO
LLUVIAS EN LA SIERRA Y SELVA DEL PAÍS (AMPLIACIóN),033,2012-12-05,2012-12-05,2012-12-09,84 Hrs.,NARANJA
LLUVIAS EN LA SIERRA Y SELVA DEL PAÍS,032,2012-12-02,2012-12-02,2012-12-06,84 Hrs.,ROJO
LLUVIAS EN LA SIERRA Y SELVA,031,2012-11-20,2012-11-20,2012-11-24,96 Hrs.,NARANJA
LLUVIAS FUERTES EN LA SIERRA Y SELVA DEL PAIS,030,2012-11-12,2012-11-12,2012-11-14,36 Hrs.,NARANJA
PRECIPITACIONES EN LA SIERRA Y SELVA DEL PAÍS,029,2012-11-03,2012-11-03,2012-11-07,84 Hrs.,ROJO
PRECIPITACIONES EN LA SIERRA Y SELVA DEL PAÍS,028,2012-10-27,2012-10-28,2012-10-31,72 Hrs.,NARANJA
LLUVIAS FUERTES EN LA ZONA NORTE Y CENTRO DEL PAÍS,027,2012-10-19,2012-10-19,2012-10-23,96 Hrs.,NARANJA
FRIAJE  EN  LA SELVA SUR Y CENTRAL (ACTUALIZACIóN DE ALERTA 025),026,2012-09-24,2012-09-25,2012-10-01,150 Hrs.,NARANJA
FRIAJE  EN  LA SELVA SUR Y CENTRAL (9NO FRIAJE DEL 2012),025,2012-09-20,2012-09-22,2012-09-26,108 Hrs.,NARANJA
PRECIPITACIONES SÓLIDAS Y VIENTOS FUERTES EN LA SIERRA SUR,024,2012-08-29,2012-08-31,2012-09-03,72 Hrs.,NARANJA
FRIAJE EN LA SELVA 8º FRIAJE DEL 2012 (ACTUALIZACIóN DE  ALERTA 022),023,2012-08-24,2012-08-25,2012-08-29,96 Hrs.,NARANJA
FRIAJE EN LA SELVA (8º FRIAJE DEL 2012),022,2012-08-21,2012-08-25,2012-08-28,72 Hrs.,NARANJA
VIENTOS FUERTES COSTA,021,2012-08-20,2012-08-23,2012-08-25,54 Hrs.,NARANJA
FRIAJE EN LA SELVA PERUANA (6TO FRIAJE DEL 2012),020,2012-07-13,2012-07-16,2012-07-20,96 Hrs.,NARANJA
NEVADAS EN REGIONES ALTOANDINAS,019,2012-06-06,2012-06-07,2012-06-10,72 Hrs.,NARANJA
FRIAJE EN LA SELVA PERUANA (3 ER FRIAJE DEL 2012) -ACTUALIZADA-,018,2012-06-04,2012-06-06,2012-06-11,120 Hrs.,NARANJA
FRIAJE EN LA SELVA SUR Y CENTRAL (2º FRIAJE DEL 2012),017,2012-04-26,2012-04-28,2012-05-02,96 Hrs.,NARANJA
"PRECIPITACIONES DE LIGERA A MODERADA INTENSIDAD EN LA COSTA Y SELVA NORTE, REGION ALTOANDINA.",016,2012-04-18,2012-04-19,2012-04-23,84 Hrs.,NARANJA
LLUVIAS EN LA SIERRA CENTRAL Y SUR,015,2012-04-09,2012-04-11,2012-04-14,72 Hrs.,NARANJA
LLUVIAS Y NEVADAS EN LA SIERRA SUR (EXTENSION DE LA ALERTA 013),014,2012-04-04,2012-04-04,2012-04-08,96 Hrs.,ROJO
LLUVIAS Y NEVADAS EN LA SIERRA SUR,013,2012-04-02,2012-04-04,2012-04-08,96 Hrs.,ROJO
FRIAJE  EN  LA SELVA SUR Y CENTRAL (1ER FRIAJE DEL 2012),012,2012-03-23,2012-03-26,2012-03-29,72 Hrs.,NARANJA
PRECIPITACIONES DE MODERADA A FUERTE INTENSIDAD,011,2012-03-12,2012-03-13,2012-03-19,132 Hrs.,NARANJA
"PRECIPITACIONES DE MODERADA  INTENSIDAD EN LA COSTA NORTE,  REGION ALTOANDINA Y SELVA",010,2012-03-05,2012-03-05,2012-03-10,120 Hrs.,NARANJA
"PRECIPITACIONES DE MODERADA A FUERTE  INTENSIDAD EN LA COSTA NORTE,  REGION ALTOANDINA Y SELVÁTICA",009,2012-02-23,2012-02-23,2012-02-28,120 Hrs.,NARANJA
LLUVIAS DE MODERADA A FUERTE INTENSIDAD,008,2012-02-19,2012-02-19,2012-02-23,96 Hrs.,NARANJA
PRECIPITACIONES DE MODERADA A FUERTE INTENSIDAD EN GRN PARTE DEL PAÍS,007,2012-02-12,2012-02-12,2012-02-16,96 Hrs.,NARANJA
"PRECIPITACIONES DE MODERADA A FUERTE  INTENSIDAD EN LA COSTA NORTE,  REGIONES ALTOANDINA Y SELVÁTICA",006,2012-02-08,2012-02-08,2012-02-12,84 Hrs.,NARANJA
PRECIPITACIONES EN LA SIERRA Y SELVA DEL PAÍS,005,2012-02-04,2012-02-04,2012-02-10,144 Hrs.,NARANJA
PRECIPITACIONES SOLIDAS EN REGIONES ALTOANDINAS DEL CENTRO Y SUR DEL PAIS,004,2012-01-30,2012-01-30,2012-02-01,42 Hrs.,ROJO
LLUVIAS DE MODERADA A FUERTE INTENSIDAD,003,2012-01-24,2012-01-25,2012-01-29,96 Hrs.,NARANJA
PRECIPITACIONES SOLIDAS EN REGIONES ALTOANDINAS DEL CENTRO Y SUR DEL PAIS,002,2012-01-19,2012-01-19,2012-01-23,84 Hrs.,NARANJA
PRECIPITACIONES SOLIDAS EN REGIONES ALTOANDINAS DEL CENTRO Y SUR DEL PAIS,001,2012-01-05,2012-01-05,2012-01-09,96 Hrs.,NARANJA
LLUVIAS FUERTES EN LA SELVA CENTRAL Y SUR,025,2011-12-12,2011-12-13,2011-12-17,78 Hrs.,NARANJA
LLUVIAS Y NEVADAS EN LA SIERRA CENTRAL Y SUR,024,2011-11-22,2011-11-22,2011-11-24,48 Hrs.,NARANJA
PRECIPITACIONES SÓLIDAS EN LA SIERRA CENTRAL Y SUR,023,2011-10-28,2011-10-28,2011-11-01,90 Hrs.,ROJO
FRIAJE EN LA SELVA PERUANA,022,2011-09-23,2011-09-23,2011-09-25,48 Hrs.,NARANJA
FRIAJE EN LA SELVA PERUANA (ACTUALIZACION DE LA ALERTA 20),021,2011-08-20,2011-08-20,2011-08-24,90 Hrs.,NARANJA
FRIAJE EN LA SELVA PERUANA,020,2011-08-16,2011-08-20,2011-08-23,72 Hrs.,NARANJA
FRIAJE EN LA SELVA PERUANA,019,2011-08-02,2011-08-02,2011-08-05,66 Hrs.,NARANJA
NEVADAS EN REGIONES ALTOANDINAS,018,2011-07-03,2011-07-03,2011-07-07,102 Hrs.,NARANJA
FRIAJE DE MODERADA A FUERTE INTENSIDAD EN LA SELVA PERUANA,017,2011-06-29,2011-07-02,2011-07-06,108 Hrs.,NARANJA
FRIAJE EN LA SELVA PERUANA,016,2011-06-23,2011-06-26,2011-06-28,54 Hrs.,NARANJA
PRECIPITACIONES SOLIDAS (NEVADAS),015,2011-06-03,2011-06-03,2011-06-05,48 Hrs.,NARANJA
FRIAJE EN LA SELVA DE NUESTRO PAIS,014,2011-04-30,2011-05-02,2011-05-04,60 Hrs.,NARANJA
LLUVIAS DE MODERADA A FUERTE EN EL NORTE DEL PAIS,013,2011-04-26,2011-04-26,2011-05-01,102 Hrs.,NARANJA
LLUVIAS INTENSAS A NIVEL NACIONAL,012,2011-04-15,2011-04-16,2011-04-18,48 Hrs.,NARANJA
LLUVIAS INTENSAS Y DESCENSO DE TEMPERATURA (ACTUALIZACIóN ALERTA Nº 10),011,2011-04-06,2011-04-06,2011-04-10,102 Hrs.,NARANJA
LLUVIAS DE MODERADA A FUERTE INTENSIDAD,010,2011-04-05,2011-04-05,2011-04-08,72 Hrs.,NARANJA
LLUVIAS DE MODERADA A FUERTE INTENSIDAD,009,2011-03-11,2011-03-11,2011-03-15,96 Hrs.,NARANJA
PRECIPITACIONES MODERADAS EN REGIONES NORTE Y SUR DEL PAIS,008,2011-03-03,2011-03-03,2011-03-10,150 Hrs.,NARANJA
PRECIPITACIONES SOLIDAS Y LIQUIDAS EN REGIONES ALTOANDINAS DEL CENTRO Y SUR DEL PAIS,007,2011-02-24,2011-02-24,2011-03-01,108 Hrs.,ROJO
LLUVIAS DE MODERADA A FUERTE INTENSIDAD,006,2011-02-17,2011-02-19,2011-02-22,66 Hrs.,NARANJA
CONTINUARÁN LLUVIAS DE MODERADA A FUERTE INTENSIDAD,005,2011-02-13,2011-02-14,2011-02-16,48 Hrs.,ROJO
ZONA CENTRAL Y SUR CONTINUARÁN CON LLUVIAS FUERTES,004,2011-02-09,2011-02-10,2011-02-13,60 Hrs.,ROJO
CONTINUARAN LLUVIAS DE MODERADA A FUERTE INTENSIDAD,003,2011-02-04,2011-02-04,2011-02-07,66 Hrs.,ROJO
LLUVIAS DE MODERADA A FUERTE INTENSIDAD EN EL CENTRO Y SUR DEL PAIS,002,2011-01-27,2011-01-27,2011-01-29,60 Hrs.,ROJO
LLUVIAS DE MODERADA A FUERTE INTENSIDAD,001,2011-01-23,2011-01-23,2011-01-27,96 Hrs.,NARANJA
PRECIPITACIONES EN  LA SELVA SUR Y CENTRAL,026,2010-12-11,2010-12-13,2010-12-15,48 Hrs.,ROJO
PRECIPITACIONES DISPERSAS EN REGIONES DEL CENTRO Y SUR DEL PAIS,025,2010-12-01,2010-12-03,2010-12-06,66 Hrs.,NARANJA
SIERRA Y SELVA REGISTRARÁN PRECIPITACIONES MODERADAS A FUERTES,023,2010-10-28,2010-10-29,2010-11-03,120 Hrs.,NARANJA
FRIAJE EN LA SELVA SUR Y PRECIPITACIONES AGUA NIEVE POR INCURSION DE SEPTIMA  DANA  EN LA SIERRA,022,2010-10-08,2010-10-08,2010-10-13,114 Hrs.,AMARILLO
PRECIPITACIONES AGUA NIEVE POR INCURSION DE SEXTA DANA,021,2010-08-27,2010-08-29,2010-09-03,108 Hrs.,NARANJA
FRIAJE EN LA SELVA DE NUESTRO PAIS,020,2010-07-31,2010-08-01,2010-08-08,180 Hrs.,ROJO
INGRESO DE FRIAJE A LA SELVA DE NUESTRO PAIS,019,2010-07-11,2010-07-13,2010-07-18,132 Hrs.,ROJO
FRIAJE EN LA SELVA PERUANA,018,2010-05-28,2010-05-30,2010-06-02,90 Hrs.,ROJO
LLUVIA Y NEVADAS,017,2010-05-25,2010-05-25,2010-05-29,84 Hrs.,ROJO
PRECIPITACIONES EN LA SIERRA SUR,016,2010-05-13,2010-05-13,2010-05-16,72 Hrs.,ROJO
FRIAJE EN LA SELVA PERUANA,015,2010-05-06,2010-05-08,2010-05-12,96 Hrs.,ROJO
PRECIPITACIONES A NIVEL NACIONAL,014,2010-04-27,2010-04-27,2010-05-02,120 Hrs.,ROJO
PRECIPITACIONES EN  LA SIERRA CENTRAL Y SUR,013,2010-04-10,2010-04-12,2010-04-15,72 Hrs.,ROJO
LLUVIAS DE MODERADA A FUERTE INTENSIDAD,012,2010-04-03,2010-04-05,2010-04-08,72 Hrs.,ROJO
PRECIPITACIONES EN CENTRO Y NORTE DEL PAIS,011,2010-03-17,2010-03-17,2010-03-21,96 Hrs.,ROJO
PRECIPITACIONES EN EL PAIS,010,2010-02-22,2010-02-24,2010-02-28,96 Hrs.,ROJO
PRECIPITACIONES EN EL PERú,009,2010-02-19,2010-02-20,2010-02-23,72 Hrs.,ROJO
LLUVIAS EN LOS ANDES DEL PERU,008,2010-02-16,2010-02-16,2010-02-18,54 Hrs.,ROJO
PRECIPITACIONES EN EL PAIS,007,2010-02-10,2010-02-10,2010-02-14,84 Hrs.,ROJO
LLUVIA EN LOS ANDES,006,2010-02-02,2010-02-05,2010-02-08,72 Hrs.,ROJO
LLUVIAS EN EL PAìS,005,2010-01-25,2010-01-25,2010-01-29,96 Hrs.,ROJO
PRECIPITACIONES A NIVEL NACIONAL,004,2010-01-18,2010-01-19,2010-01-21,60 Hrs.,ROJO
PRECIPITACIONES EN EL PAIS,003,2010-01-14,2010-01-14,2010-01-17,84 Hrs.,ROJO
LLUVIAS EN  LA SIERRA DEL PAIS,002,2010-01-08,2010-01-08,2010-01-11,72 Hrs.,ROJO
LLUVIAS EN  LA SIERRA Y SELVA DEL PAIS,001,2010-01-03,2010-01-03,2010-01-06,78 Hrs.,ROJO
LLUVIAS EN  LA SIERRA Y SELVA DEL PAIS,030,2009-12-23,2009-12-24,2009-12-27,78 Hrs.,ROJO
PRECIPITACIONES DE MODERADA A FUERTE INTENSIDAD,029,2009-12-17,2009-12-19,2009-12-22,72 Hrs.,ROJO
LLUVIAS DE MODERADA A FUERTE INTENSIDAD,028,2009-12-16,2009-12-16,2009-12-22,132 Hrs.,ROJO
LLUVIAS DE MODERADA A FUERTE INTENSIDAD,027,2009-12-11,2009-12-12,2009-12-15,72 Hrs.,ROJO
LLUVIAS EN  LA SIERRA Y SELVA DEL PAIS,026,2009-10-24,2009-10-25,2009-10-28,84 Hrs.,ROJO
LLUVIAS EN SIERRA Y SELVA DEL PAIS,025,2009-10-21,2009-10-21,2009-10-25,90 Hrs.,ROJO
FRIAJE EN LA SELVA PERUANA,024,2009-09-28,2009-09-28,2009-10-02,90 Hrs.,ROJO
FRIAJE EN LA SELVA PERUANA,023,2009-09-18,2009-09-19,2009-09-25,132 Hrs.,ROJO
PRECIPITACIONES TIPO NIEVE EN LA SIERRA CENTRAL Y SUR EN EL PAIS.,022,2009-07-24,2009-07-25,2009-08-01,156 Hrs.,NARANJA
PRECIPITACIONES TIPO NIEVE EN LA SIERRA CENTRAL Y SUR EN EL PAIS,021,2009-07-24,2009-07-24,2009-07-24,06 Hrs.,NARANJA
PRECIPITACIONES TIPO NIEVE EN LA SIERRA CENTRAL Y SUR EN EL PAIS. CHUBASCOS EN LA SELVA,019,2009-06-21,2009-06-22,2009-06-26,96 Hrs.,ROJO
PRECIPITACIONES TIPO NIEVE EN LA SIERRA CENTRAL Y SUR EN EL PAIS. CHUBASCOS EN LA SELVA,018,2009-06-21,2009-06-22,2009-06-26,96 Hrs.,ROJO
PRECIPITACIONES TIPO NIEVE EN LA SIERRA CENTRAL Y SUR EN EL PAIS. CHUBASCOS EN LA SELVA,017,2009-06-21,2010-06-22,2010-06-26,96 Hrs.,ROJO
FRIAJE EN LA SELVA PERUANA,016,2009-06-09,2009-06-11,2009-06-14,60 Hrs.,ROJO
FRIAJE EN LA SELVA PERUANA,015,2009-06-01,2009-06-01,2009-06-04,78 Hrs.,ROJO
LLUVIAS Y VIENTOS FUERTES EN LA SELVA,014,2009-04-25,2009-04-26,2009-04-28,48 Hrs.,ROJO
LLUVIAS Y TORMENTAS,013,2009-04-20,2009-04-20,2009-04-22,42 Hrs.,NARANJA
LLUVIAS FUERTES EN LA SIERRA Y SELVA,012,2009-03-26,2009-03-26,2009-03-28,48 Hrs.,ROJO
LLUVIAS Y NEVADAS,011,2009-03-22,2009-03-22,2009-03-27,120 Hrs.,ROJO
LLUVIAS Y NEVADAS,010,2009-03-22,2009-03-22,2009-03-27,120 Hrs.,ROJO
LLUVIAS Y NEVADAS,009,2009-03-20,2009-03-21,2009-03-27,132 Hrs.,ROJO
LLUVIAS Y TORMENTAS EN EL PAIS,008,2009-03-18,2009-03-19,2009-03-22,72 Hrs.,ROJO
LLUVIAS Y TORMENTAS EN EL PAIS,007,2009-03-04,2009-03-05,2009-03-07,48 Hrs.,AMARILLO
PRECIPITACIONES DE MODERADA A FUERTE INTENSIDAD,006,2009-02-19,2009-02-21,2009-02-23,48 Hrs.,ROJO
LLUVIAS Y TORMENTAS EN EL PAIS,005,2009-02-15,2009-02-15,2009-02-18,66 Hrs.,ROJO
PRECIPITACIONES DE MODERADA A FUERTE INTENSIDAD,004,2009-02-09,2009-02-11,2009-02-13,48 Hrs.,ROJO
PRECIPITACIONES DE MODERADA A FUERTE INTENSIDAD,003,2009-01-16,2009-01-19,2009-01-21,48 Hrs.,ROJO
LLUVIAS Y TORMENTAS EN EL PAIS,002,2009-01-08,2009-01-09,2009-01-11,48 Hrs.,ROJO
PRECIPITACIONES DE MODERADA A FUERTE INTENSIDAD EN LA SELVA SUR,001,2009-01-03,2009-01-03,2009-01-05,48 Hrs.,ROJO
LLUVIAS FUERTES Y TORMENTAS EL¿CTRICAS,023,2008-12-15,2008-12-15,2008-12-19,96 Hrs.,NARANJA
PRECIPITACIONES DE MODERADA A FUERTE INTENSIDAD,022,2008-12-11,2008-12-11,2008-12-12,24 Hrs.,NARANJA
LLUVIA Y TORMENTAS EN EL PAIS,021,2008-12-01,2008-12-02,2008-12-04,60 Hrs.,NARANJA
LLUVIAS Y TORMENTAS EN EL PAIS,020,2008-10-26,2008-10-26,2008-10-29,60 Hrs.,NARANJA
PRECIPITACIONES INTENSAS EN SELVA Y SIERRA SUR,019,2008-10-22,2008-10-23,2008-10-25,48 Hrs.,NARANJA
PRECIPITACIONES FUERTES EN SELVA SUR,018,2008-10-17,2008-10-18,2008-10-23,102 Hrs.,NARANJA
PRECIPITACIONES DE MODERADA A FUERTE INTENSIDAD,017,2008-10-04,2008-10-04,2008-10-04,06 Hrs.,NARANJA
LLUVIAS Y NIEVE EN LA SIERRA CENTRO SUR DEL PAIS,016,2008-08-06,2008-08-06,2008-08-09,72 Hrs.,AMARILLO
INCURSION DE AIRE FRIO Y LLUVIA EN EL PAIS,015,2008-07-30,2008-08-03,2008-08-07,96 Hrs.,NARANJA
LLUVIAS Y DESCENSO DE TEMPERATURA EN LA SELVA,014,2008-05-26,2008-05-30,2008-06-02,72 Hrs.,NARANJA
LLUVIAS Y NEVADAS EN LA SIERRA DEL PAíS,013,2008-05-07,2008-05-09,2008-05-12,72 Hrs.,NARANJA
INCURSION DE AIRE FRIO Y LLUVIAS EN EL PAIS,012,2008-04-29,2008-04-30,2008-05-04,108 Hrs.,NARANJA
INCURSION DE AIRE FRIO EN LA SELVA Y LLUVIAS EN EL PAIS,011,2008-04-13,2010-04-14,2010-04-17,78 Hrs.,NARANJA
PRECIPITACIONES DE MODERADA A FUERTE INTENSIDAD,010,2008-03-31,2008-04-02,2008-04-05,72 Hrs.,ROJO
LLUVIAS Y TORMENTAS DISPERSAS EN EL PAIS (NIVEL 3),009,2008-03-13,2008-03-13,2008-03-16,60 Hrs.,NARANJA
LLUVIA Y TORMENTAS EN EL PAIS,008,2008-03-04,2008-03-04,2008-03-08,84 Hrs.,NARANJA
PRECIPITACIONES DE MODERADA A FUERTE INTENSIDAD,007,2008-02-26,2008-02-26,2008-02-29,72 Hrs.,ROJO
PRECIPITACIONES DE MODERADA A FUERTE INTENSIDAD,006,2008-02-21,2008-02-21,2008-02-26,120 Hrs.,ROJO
LLUVIAS Y TORMENTAS,005,2008-02-10,2008-02-10,2008-02-14,84 Hrs.,NARANJA
PRECIPITACIONES A NIVEL NACIONAL,004,2008-02-01,2008-02-01,2008-02-05,84 Hrs.,NARANJA
PRECIPITACIONES DE MODERADA A FUERTE INTENSIDAD,003,2008-01-27,2008-01-27,2008-01-31,96 Hrs.,ROJO
PRECIPITACIONES PERSISTENTES EN EL PAIS,002,2008-01-15,2008-01-15,2008-01-20,120 Hrs.,NARANJA
LLUVIAS Y TORMENTAS,001,2008-01-11,2008-01-11,2008-01-16,108 Hrs.,NARANJA
LLUVIAS Y TORMENTAS EN LA SELVA Y SIERRA DEL PAIS,029,2007-11-15,2007-11-15,2007-11-18,66 Hrs.,NARANJA
LLUVIA Y TORMENTAS EN EL PAIS,028,2007-11-11,2007-11-12,2007-11-16,90 Hrs.,NARANJA
LLUVIA MODERADA Y TORMENTAS EN CENTRO Y NORTE DEL PAIS,027,2007-11-07,2007-11-08,2007-11-11,60 Hrs.,NARANJA
LLUVIA Y TORMENTAS EN SELVA NORTE Y CENTRAL,026,2007-10-25,2007-10-27,2007-10-30,72 Hrs.,NARANJA
PRECIPITACIONES Y TORMENTAS EN LA REGION SUR  Y CENTRO,025,2007-10-12,2007-10-12,2007-10-16,96 Hrs.,NARANJA
PRECIPITACIONES Y TORMENTAS EN LA REGION SUR,024,2007-10-11,2007-10-13,2007-10-16,72 Hrs.,NARANJA
LLUVIA Y TORMENTAS EN LA SELVA NORTE,023,2007-10-05,2007-10-08,2007-10-10,48 Hrs.,NARANJA
LLUVIA Y TORMENTAS EN SELVA Y SIERRA NORTE,022,2007-09-28,2007-09-29,2007-10-02,72 Hrs.,ROJO
LLUVIA Y TORMENTAS EN LA SELVA,021,2007-09-23,2007-09-25,2007-09-27,48 Hrs.,NARANJA
LLUVIA Y TORMENTAS EN SELVA NORTE Y SIERRA Y SUR,020,2007-09-03,2007-09-05,2007-09-09,96 Hrs.,ROJO
INCURSION DE AIRE FRIO Y LLUVIA EN EL PAIS,019,2007-07-23,2007-07-25,2007-07-29,102 Hrs.,ROJO
VIENTOS FUERTES Y NEVADAS,018,2007-07-04,2007-07-06,2007-07-11,114 Hrs.,NARANJA
INCURSION DE AIRE FRIO Y LLUVIA EN EL PAIS,017,2007-05-22,2007-05-22,2007-05-26,96 Hrs.,NARANJA
INCURSION DE AIRE FRIO Y LLUVIA EN EL PAIS,016,2007-05-08,2007-05-08,2007-05-13,108 Hrs.,NARANJA
LLUVIA Y TORMENTAS EN LA SELVA DEL PAIS,015,2007-04-25,2007-04-25,2007-04-30,108 Hrs.,NARANJA
LLUVIA Y TORMENTAS EN CENTRO Y NORTE DEL PAIS,014,2007-04-05,2007-04-06,2007-04-10,96 Hrs.,NARANJA
LLUVIA Y TORMENTAS EN LA SELVA,013,2007-03-31,2007-03-31,2007-04-02,48 Hrs.,NARANJA
LLUVIA Y GRANIZADA EN SIERRA SUR Y CENTRAL,012,2007-03-28,2007-03-29,2007-04-01,66 Hrs.,NARANJA
LLUVIAS EN TERRITORIO NACIONAL,011,2007-03-09,2007-03-10,2007-03-13,78 Hrs.,NARANJA
DESCENSO DE LA TEMPERATURA DEL AIRE EN SIERRA SUR,010,2007-03-09,2007-03-10,2007-03-13,72 Hrs.,NARANJA
LLUVIA Y TORMENTAS EN LA SELVA,009,2007-03-05,2007-03-06,2007-03-09,72 Hrs.,NARANJA
LLUVIA Y TORMENTAS EN LA SELVA Y SIERRA,008,2007-03-03,2010-03-04,2010-03-07,72 Hrs.,NARANJA
LLUVIA Y TORMENTAS EN LA SELVA Y SIERRA,007,2007-02-15,2007-02-15,2007-02-17,48 Hrs.,ROJO
LLUVIA Y TORMENTAS EN SELVA CENTRAL Y SUR,006,2007-02-14,2007-02-14,2007-02-17,72 Hrs.,NARANJA
LLUVIA Y TORMENTAS EN EL PAIS,005,2007-02-06,2007-02-06,2007-02-10,84 Hrs.,NARANJA
LLUVIA Y TORMENTAS EN LA SELVA SUR,004,2007-01-29,2007-01-31,2007-02-03,72 Hrs.,NARANJA
LLUVIA Y TORMENTAS EN EL PAIS,003,2007-01-25,2007-01-25,2007-01-28,66 Hrs.,NARANJA
LLUVIA Y TORMENTAS EN REGION CENTRAL Y NORTE,002,2007-01-21,2007-01-21,2007-01-24,72 Hrs.,ROJO
LLUVIA Y TORMENTAS EN EL PAIS,001,2007-01-05,2007-01-06,2007-01-09,66 Hrs.,NARANJA
LLUVIA DISPERSA Y TORMENTAS AISLADAS EN EL PAIS,054,2006-12-30,2006-12-30,2007-01-03,84 Hrs.,ROJO
LLUVIA DISPERSA Y TORMENTAS AISLADAS EN EL CENTRO Y SUR DEL PAIS,053,2006-12-28,2006-12-29,2007-01-01,66 Hrs.,ROJO
LLUVIA DISPERSA Y TORMENTAS AISLADAS EN EL PAIS,052,2006-12-23,2006-12-24,2006-12-27,66 Hrs.,ROJO
LLUVIA Y TORMENTAS EN EL SUR Y CENTRO DEL PAIS,051,2006-12-21,2006-12-21,2006-12-25,84 Hrs.,ROJO
LLUVIA Y TORMENTAS EN EL SUR Y CENTRO DEL PAIS,050,2006-12-13,2006-12-13,2006-12-16,66 Hrs.,ROJO
PRECIPITACIONES Y TORMENTAS ELÉCTRICAS,049,2006-12-04,2006-12-05,2006-12-07,60 Hrs.,ROJO
LLUVIAS Y TORMENTAS ELECTRICAS,048,2006-11-28,2006-11-28,2006-12-04,126 Hrs.,ROJO
LLUVIA INTENSA CON TORMENTAS ELECTRICAS,047,2006-11-23,2006-11-23,2006-11-26,66 Hrs.,
PRECIPITACIONES Y TORMENTAS ELÉCTRICAS EN LA REGION SUR Y CENTRAL,046,2006-11-22,2006-11-22,2006-11-24,48 Hrs.,ROJO
LLUVIA Y TORMENTAS ELECTRICAS,045,2006-11-16,2006-11-16,2006-11-21,108 Hrs.,NARANJA
PRECIPITACIONES Y TORMENTAS ELÉCTRICAS EN LA SELVA,044,2006-11-06,2006-11-07,2006-11-10,72 Hrs.,
PRECIPITACIONES Y TORMENTAS ELÉCTRICAS EN LA SELVA,043,2006-11-05,2006-11-08,2006-11-12,96 Hrs.,
"LLUVIA, GRANIZO Y TORMENTAS ELÉCTRICAS EN LOS ANDES",042,2006-10-31,2006-10-31,2006-11-05,120 Hrs.,ROJO
"LLUVIA, GRANIZO Y TORMENTAS EN EL PAIS",041,2006-10-24,2006-10-25,2006-10-27,48 Hrs.,ROJO
"LLUVIA, GRANIZO Y TORMENTAS EN EL SUR DEL PAIS",040,2006-10-23,2006-10-23,2006-10-25,48 Hrs.,ROJO
PRECIPITACIONES Y TORMENTAS ELECTRICAS,039,2006-10-16,2006-10-16,2006-10-18,48 Hrs.,ROJO
PRECIPITACIONES Y TORMENTAS ELECTRICAS,038,2006-09-29,2006-09-29,2006-09-30,36 Hrs.,ROJO
"LLUVIA, GRANIZO Y TORMENTAS ELECTRICAS",037,2006-09-28,2006-09-28,2006-10-01,72 Hrs.,
LLUVIAS Y TORMENTAS EN LA SELVA Y SIERRA,036,2006-09-21,2006-09-21,2006-09-25,96 Hrs.,AMARILLO
LLUVIAS Y TORMENTAS EN LA SELVA,035,2006-09-17,2006-09-17,2006-09-20,78 Hrs.,
LLUVIAS Y TORMENTAS EN LA SELVA Y SIERRA NORTE,034,2006-09-12,2010-09-12,2010-09-16,96 Hrs.,AMARILLO
LLUVIAS Y TORMENTAS EN LA SELVA,033,2006-09-07,2006-09-08,2006-09-12,96 Hrs.,ROJO
PRECIPITACIONES SÓLIDAS Y LIQUIDA,032,2006-08-28,2006-08-29,2006-08-31,48 Hrs.,
PRECIPITACIONES SÓLIDAS Y LIQUIDA,031,2006-08-17,2006-08-21,2006-08-24,72 Hrs.,ROJO
PRECIPITACIONES SOBRE LA SELVA Y SIERRA,030,2006-08-13,2006-08-16,2006-08-19,72 Hrs.,ROJO
PRECIPITACIONES LIQUIDA Y SOLIDA,029,2006-08-11,2006-08-12,2006-08-16,96 Hrs.,ROJO
DESCENSO DE TEMPERATURA EN LA SELVA,028,2006-07-30,2006-07-30,2006-08-01,48 Hrs.,ROJO
VIENTOS FUERTES EN EL LITORAL PERUANO,027,2006-07-24,2006-07-26,2006-07-28,36 Hrs.,ROJO
VIENTOS FUERTES EN EL LITORAL PERUANO,026,2006-07-05,2006-07-07,2006-07-09,60 Hrs.,ROJO
LLOVIZNAS EN LA COSTA,025,2006-06-17,2006-06-18,2006-06-20,54 Hrs.,NARANJA
VIENTO PARACAS,024,2006-06-07,2006-06-09,2006-06-11,36 Hrs.,ROJO
PRECIPITACIONES SÓLIDAS,023,2006-05-31,2006-06-01,2006-06-04,72 Hrs.,ROJO
VIENTO PARACAS,022,2006-05-31,2006-06-02,2006-06-04,48 Hrs.,ROJO
NIEBLAS Y NEBLINAS EN LA COSTA CENTRAL Y NORTE,021,2006-05-13,2006-05-14,2006-05-16,48 Hrs.,NARANJA
DESCENSO DE TEMPERATURA EN SIERRA SUR,020,2006-05-09,2006-05-09,2006-05-12,72 Hrs.,ROJO
DESCENSO DE TEMPERATURA DEL AIRE EN LA SELVA,019,2006-05-01,2006-05-02,2006-05-07,120 Hrs.,ROJO
NEVADAS Y VIENTOS FUERTES EN LA SIERRA CENTRAL Y SUR,018,2006-04-27,2006-04-29,2006-05-02,72 Hrs.,ROJO
PRECIPITACIONES EN REGION NORTE,017,2006-04-15,2006-04-15,2006-04-18,60 Hrs.,ROJO
PRECIPITACIONES EN  REGION SUR Y CENTRO,016,2006-04-11,2006-04-15,2006-04-17,48 Hrs.,ROJO
PRECIPITACIONES EN REGION NORTE,015,2006-04-05,2006-04-05,2006-04-08,66 Hrs.,ROJO
PRECIPITACIONES EN REGION NORTE,014,2006-03-31,2006-03-01,2006-03-03,48 Hrs.,ROJO
PRECIPITACIONES EN REGION SUR  Y CENTRO,013,2006-03-31,2006-04-01,2006-04-04,72 Hrs.,ROJO
LLUVIAS Y TORMENTAS EN LA SIERRA Y SELVA,012,2006-03-26,2006-03-26,2006-03-29,72 Hrs.,ROJO
LLUVIAS EN REGION NORTE,011,2006-03-22,2006-03-22,2006-03-27,120 Hrs.,ROJO
LLUVIAS EN REGION SUR Y CENTRO,010,2006-03-20,2006-03-20,2006-03-22,48 Hrs.,ROJO
LLUVIAS Y TORMENTAS EN EL NORTE DEL PAIS,009,2006-03-17,2006-03-17,2006-03-20,72 Hrs.,ROJO
LLUVIAS FRECUENTES EN EL NORTE DEL PAIS,008,2006-03-13,2006-03-13,2006-03-18,108 Hrs.,ROJO
CHUBASCOS Y TORMENTAS EN EL NORTE DEL PAIS,007,2006-03-08,2006-03-09,2006-03-13,90 Hrs.,ROJO
LLUVIAS Y TORMENTAS EN LA REGION CENTRAL Y NORTE,006,2006-03-05,2006-03-05,2006-03-08,72 Hrs.,ROJO
LLUVIAS Y TORMENTAS EN LA REGION CENTRAL Y NORTE,005,2006-03-03,2006-03-07,2006-03-10,60 Hrs.,ROJO
LLUVIAS Y TORMENTAS EN SIERRA CENTRAL Y SUR,004,2006-02-22,2006-02-23,2006-02-26,72 Hrs.,ROJO
CHUBASCOS Y TORMENTAS EN REGION NORTE,003,2006-02-05,2006-02-05,2006-02-07,48 Hrs.,ROJO
CHUBASCOS Y TORMENTAS EN REGION CENTRAL Y SUR,002,2006-01-19,2006-01-22,2006-01-26,96 Hrs.,ROJO
LLUVIAS DE MODERADA A FUERTE INTENSIDAD EN LA SIERRA Y SELVA,001,2006-01-11,2006-01-11,2006-01-16,120 Hrs.,ROJO
CHUBASCOS Y TORMENTAS EN SELVA Y SIERRA SUR,046,2005-12-20,2005-12-20,2005-12-23,72 Hrs.,ROJO
CHUBASCOS Y TORMENTAS EN SELVA Y SIERRA SUR,045,2005-11-29,2010-12-01,2010-12-04,72 Hrs.,ROJO
"CHUBASCOS, TORMENTAS Y VIENTOS FUERTES EN LA SELVA",044,2005-11-22,2005-11-23,2005-11-26,72 Hrs.,ROJO
"CHUBASCOS, TORMENTAS Y VIENTOS FUERTES EN LA SELVA",043,2005-11-17,2005-11-17,2005-11-22,120 Hrs.,ROJO
PRECIPITACIONES EN SIERRA CENTRAL Y SUR,042,2005-11-09,2005-11-09,2005-11-11,48 Hrs.,ROJO
PRECIPITACIONES EN SELVA NORTE,041,2005-10-31,2005-10-31,2005-11-02,48 Hrs.,ROJO
LLUVIAS EN SELVA NORTE Y SUR,040,2005-10-14,2005-10-15,2005-10-19,96 Hrs.,ROJO
PRECIPITACIONES DE AGUA-NIEVE Y TURBULENCIA,039,2005-09-15,2005-09-16,2005-09-19,72 Hrs.,ROJO
PRECIPITACIONES DE AGUA-NIEVE Y TURBULENCIA,038,2005-09-13,2005-09-13,2005-09-16,60 Hrs.,ROJO
INCURSION DE AIRE FRIO Y LLUVIAS EN LA SELVA,037,2005-09-09,2005-09-12,2005-09-14,48 Hrs.,ROJO
VIENTO PARACAS,036,2005-09-09,2005-09-10,2005-09-12,48 Hrs.,ROJO
PRECIPITACIONES EN LA SIERRA SUR,035,2005-08-07,2005-08-07,2005-08-09,42 Hrs.,ROJO
BAJAS TEMPERATURAS EN LA SELVA,034,2005-08-05,2005-08-07,2005-08-10,72 Hrs.,ROJO
BAJAS TEMPERATURAS EN LA SELVA,033,2005-07-18,2005-07-18,2005-07-22,96 Hrs.,ROJO
VIENTOS PARACAS,032,2005-07-15,2005-07-15,2005-07-17,54 Hrs.,ROJO
VIENTOS FUERTES Y DESCENSO DE TEMPERATURA EN LA SIERRA SUR,031,2005-07-12,2005-07-14,2005-07-17,72 Hrs.,ROJO
DESCENSO DE TEMPERATURA EN LA SELVA SUR Y CENTRAL,030,2005-07-04,2005-07-05,2005-07-09,84 Hrs.,ROJO
VIENTO DE MODERADA A FUERTE INTENSIDAD,029,2005-07-01,2005-07-02,2005-07-04,60 Hrs.,NARANJA
INCREMENTO DE HELADAS Y VIENTO FUERTE EN LA SIERRA SUR,028,2005-06-24,2005-06-26,2005-06-30,96 Hrs.,ROJO
LLUVIAS EN SELVA NORTE,027,2005-06-07,2005-06-08,2005-06-11,72 Hrs.,ROJO
NEVADAS EN LA SIERRA SUR,026,2005-05-05,2005-05-05,2005-05-08,72 Hrs.,ROJO
LLUVIAS EN LA SELVA Y SIERRA NORTE,025,2005-04-21,2005-04-21,2005-04-24,72 Hrs.,ROJO
LLUVIAS EN LA SELVA Y SIERRA NORTE,024,2005-04-07,2005-04-07,2005-04-10,60 Hrs.,ROJO
LLUVIAS EN LA SELVA Y SIERRA NORTE,023,2005-04-04,2005-04-04,2005-04-07,72 Hrs.,ROJO
VIENTOS PARACAS Y NIEBLAS EN COSTA,022,2005-04-01,2005-04-01,2005-04-04,60 Hrs.,ROJO
LLUVIAS EN SIERRA Y SELVA CENTRAL Y SUR,021,2005-03-30,2005-03-30,2005-04-01,48 Hrs.,ROJO
LLUVIAS EN SIERRA Y SELVA,020,2005-03-28,2005-03-28,2005-03-31,60 Hrs.,ROJO
LLUVIAS EN SIERRA Y SELVA,019,2005-03-23,2005-03-23,2005-03-26,78 Hrs.,ROJO
LLUVIAS EN SIERRA NORTE Y TORMENTAS EN LA SELVA,018,2005-03-22,2005-03-22,2005-03-25,72 Hrs.,ROJO
PRECIPITACIONES EN SIERRA NORTE Y CENTRAL DEL PAIS,017,2005-03-18,2005-03-18,2005-03-21,60 Hrs.,ROJO
LLUVIAS EN EL NORTE DEL PAIS,016,2005-03-14,2005-03-14,2005-03-17,72 Hrs.,ROJO
LLUVIAS EN LA SIERRA SUR Y RÁFAGAS DE VIENTO EN LA COSTA CENTRAL,015,2005-03-11,2005-03-11,2005-03-15,84 Hrs.,ROJO
LLUVIAS FUERTES EN LA SIERRA Y COSTA,014,2005-03-07,2005-03-07,2005-03-13,144 Hrs.,ROJO
LLUVIAS FUERTES EN LA SIERRA  Y SELVA (CENTRO Y NORTE),013,2005-03-01,2005-03-02,2005-03-05,78 Hrs.,ROJO
LLUVIAS Y PRECIPITACIONES SÓLIDAS  EN LA SIERRA  SUR Y CENTRAL,012,2005-02-21,2005-02-21,2005-02-24,72 Hrs.,ROJO
LLUVIAS EN LA SIERRA  CENTRAL Y SUR,011,2005-02-18,2005-02-18,2005-02-21,72 Hrs.,ROJO
LLUVIAS EN LA SIERRA  SUR,010,2005-02-15,2005-02-15,2005-02-19,96 Hrs.,ROJO
LLUVIAS EN LA SIERRA CENTRAL Y SUR,009,2005-02-10,2005-02-10,2005-02-13,72 Hrs.,ROJO
"VIENTO MODERADO, NEBLINAS Y LLOVIZNAS  EN COSTA",008,2005-01-26,2005-01-27,2005-01-31,96 Hrs.,NARANJA
LLUVIAS Y TORMENTAS EN SIERRA SUR Y CENTRAL.,007,2005-01-24,2005-01-24,2005-01-28,96 Hrs.,ROJO
VIENTOS FUERTES EN COSTA Y SIERRA,006,2005-01-21,2005-01-22,2005-01-25,60 Hrs.,ROJO
DESCENSOS DE TEMPERATURA EN LA SIERRA NORTE Y CENTRAL,005,2005-01-20,2005-01-20,2005-01-24,96 Hrs.,ROJO
LLUVIAS EN SELVA Y  SIERRA,004,2005-01-16,2005-01-16,2005-01-19,72 Hrs.,ROJO
LLUVIAS EN SIERRA,003,2005-01-14,2005-01-14,2005-01-17,60 Hrs.,
LLUVIAS EN SIERRA SUR,002,2005-01-10,2005-01-10,2005-01-14,96 Hrs.,ROJO
LLUVIAS EN SELVA Y SIERRA,001,2005-01-03,2005-01-03,2005-01-07,96 Hrs.,ROJO
LLUVIAS EN SELVA Y SIERRA,092,2004-12-31,2004-12-31,2005-01-03,72 Hrs.,
LLUVIAS EN SELVA Y SIERRA CENTRAL Y SUR,091,2004-12-29,2004-12-30,2005-01-01,48 Hrs.,ROJO
LLUVIAS EN SELVA CENTRO-SUR Y SIERRA.,090,2004-12-25,2004-12-25,2004-12-28,66 Hrs.,ROJO
LLUVIAS EN SELVA CENTRO-SUR Y SIERRA,089,2004-12-24,2004-12-24,2004-12-28,84 Hrs.,
PRECIPITACIONES EN SIERRA Y SELVA,088,2004-12-20,2004-12-20,2004-12-22,48 Hrs.,ROJO
PRECIPITACIONES EN SIERRA CENTRO-SUR Y LA SELVA,087,2004-12-17,2004-12-17,2004-12-20,60 Hrs.,NARANJA
PRECIPITACIONES EN SIERRA Y SELVA,086,2004-12-14,2004-12-14,2004-12-17,72 Hrs.,ROJO
PRECIPITACIONES EN LA SELVA CENTRAL Y  LA SIERRA,085,2004-12-10,2004-12-10,2004-12-12,48 Hrs.,ROJO
PRECIPITACIONES EN CENTRO Y NORTE DE SIERRA Y SELVA,084,2004-12-03,2004-12-05,2004-12-09,84 Hrs.,
PRECIPITACIONES EN CENTRO Y NORTE DE SIERRA Y SELVA,083,2004-11-29,2004-11-29,2004-12-02,72 Hrs.,ROJO
VIENTOS DE MODERADA INTENSIDAD EN LA SIERRA SUR,082,2004-11-23,2004-11-23,2004-11-24,30 Hrs.,ROJO
LLOVIZNAS Y NEBLINAS EN LA COSTA CENTRAL Y SUR,081,2004-11-22,2004-11-22,2004-11-24,48 Hrs.,NARANJA
LLUVIAS EN SIERRA  Y  SELVA,080,2004-11-18,2004-11-18,2004-11-21,72 Hrs.,
VIENTOS FUERTES EN LA SIERRA SUR,079,2004-11-17,2004-11-17,2004-11-19,36 Hrs.,ROJO
PRECIPITACIONES EN SIERRA Y SELVA,078,2004-11-11,2004-11-11,2004-11-14,72 Hrs.,ROJO
PRECIPITACIONES EN SIERRA Y SELVA,077,2004-11-09,2004-11-09,2004-11-13,96 Hrs.,ROJO
NIEBLAS EN LA COSTA CENTRAL Y SUR,076,2004-11-09,2004-11-10,2004-11-11,36 Hrs.,NARANJA
PRECIPITACIONES EN SELVA Y SIERRA,075,2004-11-03,2004-11-04,2004-11-08,84 Hrs.,ROJO
PRECIPITACIONES EN SIERRA SUR Y CENTRAL,074,2004-10-30,2004-10-31,2004-11-03,72 Hrs.,ROJO
PRECIPITACIONES LIQUIDAS Y SOLIDAS,073,2004-10-27,2004-10-27,2004-10-30,72 Hrs.,ROJO
PRECIPITACIONES LIQUIDAS Y  SOLIDAS,072,2004-10-25,2004-10-25,2004-10-27,48 Hrs.,ROJO
LLUVIAS FUERTES,071,2004-10-19,2004-10-19,2004-10-23,84 Hrs.,ROJO
LLUVIAS FUERTES,070,2004-10-12,2004-10-12,2004-10-15,72 Hrs.,NARANJA
VIENTOS FUERTES EN LA SIERRA SUR,069,2004-10-07,2004-10-09,2004-10-11,60 Hrs.,NARANJA
VIENTOS FUERTES EN LA COSTA,068,2004-10-05,2004-10-06,2004-10-09,54 Hrs.,ROJO
AGUA NIEVE Y RÁFAGAS DE VIENTOS,067,2004-09-30,2004-09-30,2004-10-02,54 Hrs.,ROJO
LLUVIA Y TORMENTAS,066,2004-09-28,2004-09-29,2004-10-02,72 Hrs.,ROJO
LLUVIA Y VIENTOS FUERTES,065,2004-09-23,2004-09-23,2004-09-27,96 Hrs.,ROJO
FUERTE  RAFAGA  DE VIENTO  EN LA SIERRA NORTE,064,2004-09-10,2004-09-12,2004-09-15,72 Hrs.,ROJO
PRECIPITACIONES  EN SELVA Y SIERRA,063,2004-09-08,2004-09-10,2004-09-13,84 Hrs.,ROJO
RÁFAGAS DE VIENTOS EN LA COSTA PERUANA,062,2004-09-02,2004-09-03,2004-09-06,60 Hrs.,ROJO
"LLUVIA, RÁFAGAS DE VIENTOS EN LA SIERRA NORTE Y NEVADAS EN SIERRA SUR",061,2004-08-30,2004-08-30,2004-09-03,84 Hrs.,
LLUVIA PERSISTENTE DE MODERADA A FUERTE INTENSIDAD,060,2004-08-26,2004-08-26,2004-08-30,96 Hrs.,ROJO
"NEVADAS, LLUVIAS  Y RÁFAGAS DE VIENTOS EN LA SIERRA",059,2004-08-23,2004-08-23,2004-08-26,72 Hrs.,ROJO
NEVADAS Y RÁFAGAS DE VIENTOS EN LA SIERRA,058,2004-08-12,2004-08-15,2004-08-19,84 Hrs.,ROJO
NEVADAS Y RÁFAGAS DE VIENTOS EN LA SIERRA,057,2004-08-09,2004-08-10,2004-08-12,60 Hrs.,NARANJA
NEVADAS EN LA SIERRA SUR Y CENTRAL,056,2004-08-07,2004-08-07,2004-08-09,30 Hrs.,NARANJA
DESCENSO DE LA TEMPERATURA DEL AIRE Y LLUVIAS EN LA SELVA,055,2004-08-04,2004-08-06,2004-08-10,96 Hrs.,NARANJA
RÁFAGAS DE VIENTOS Y LLOVIZNAS EN LA COSTA,054,2004-08-02,2004-08-02,2004-08-05,72 Hrs.,NARANJA
DESCENSO DE LA TEMPERATURA DEL AIRE Y LLUVIAS EN LA SELVA,053,2004-07-27,2004-07-30,2004-08-01,60 Hrs.,NARANJA
RAFAGAS DE VIENTO,052,2004-07-22,2004-07-25,2004-07-28,60 Hrs.,NARANJA
LLOVIZNAS Y SENSACIÓN DE FRIO EN LA COSTA,051,2004-07-16,2004-07-19,2004-07-22,60 Hrs.,NARANJA
LLUVIA Y DESCENSO DE LA TEMPERATURA DEL AIRE,050,2004-07-13,2004-07-15,2004-07-19,96 Hrs.,NARANJA
DESCENSO DE TEMPERATURA EN SELVA Y NIEBLAS EN COSTA,049,2004-07-12,2004-07-12,2004-07-14,36 Hrs.,NARANJA
LLUVIA EN LA COSTA,048,2004-07-02,2004-07-02,2004-07-03,36 Hrs.,NARANJA
OLA DE FRIO,047,2004-06-30,2004-06-30,2004-07-04,96 Hrs.,
LLUVIA Y NEVADAS,046,2004-06-28,2004-06-28,2004-07-01,84 Hrs.,ROJO
LLOVIZNAS PERSISTENTES Y ALTO CONTENIDO DE HUMEDAD,045,2004-06-18,2004-06-18,2004-06-21,60 Hrs.,NARANJA
CAMBIOS BRUSCOS DE TEMPERATURA,044,2004-06-15,2004-06-15,2004-06-19,96 Hrs.,ROJO
DESCENSO DE LA TEMPERATURA DEL AIRE,043,2004-06-10,2004-06-11,2004-06-15,96 Hrs.,
NEVADAS Y RAFAGAS DE VIENTO,042,2004-06-04,2004-06-07,2004-06-11,96 Hrs.,ROJO
LLUVIA Y DESCENSO DE LA TEMPERATURA DEL AIRE,041,2004-05-24,2004-05-24,2004-05-29,120 Hrs.,ROJO
"NIEBLAS, LLOVIZNAS Y RAFAGAS DE VIENTOS EN LA COSTA",040,2004-05-19,2004-05-20,2004-05-23,84 Hrs.,ROJO
DESCENSO DE LA TEMPERATURA DEL AIRE,039,2004-05-12,2004-05-13,2004-05-16,72 Hrs.,ROJO
NIEBLAS Y VIENTOS FUERTES,038,2004-05-11,2004-05-11,2004-05-13,48 Hrs.,ROJO
DESCENSO DE LA TEMPERATURA DEL AIRE,037,2004-05-10,2004-05-10,2004-05-13,72 Hrs.,ROJO
CAMBIOS BRUSCOS DE LA TEMPERATURA DEL AIRE,036,2004-05-06,2004-05-06,2004-05-09,66 Hrs.,ROJO
DESCENSO DE LA TEMPERATURA DEL AIRE EN SELVA Y SIERRA CENTRAL Y SUR,035,2004-05-05,2004-05-05,2004-05-08,60 Hrs.,NARANJA
DESCENSO DE LA TEMPERATURA DEL AIRE,034,2004-05-03,2004-05-03,2004-05-06,72 Hrs.,ROJO
RAFAGAS DE VIENTO Y TORMENTAS DE POLVO Y ARENA,033,2004-04-28,2004-04-28,2004-04-30,36 Hrs.,NARANJA
LLUVIAS Y DESCENSO DE LA TEMPERATURA DEL AIRE,032,2004-04-23,2004-04-23,2004-04-27,84 Hrs.,ROJO
INCREMENTO DE LA VELOCIDAD DEL VIENTO,031,2004-04-21,2004-04-21,2004-04-23,42 Hrs.,ROJO
PRECIPITACIONES SOLIDAS Y LIQUIDAS EN SIERRA SUR Y LLUVIA EN SIERRA Y SELVA,030,2004-04-16,2004-04-17,2004-04-20,72 Hrs.,ROJO
LLUVIAS EN SIERRA Y SELVA,029,2004-04-07,2004-04-08,2004-04-12,84 Hrs.,ROJO
LLUVIAS EN LA SIERRA Y SELVA,028,2004-03-30,2004-03-30,2004-04-03,96 Hrs.,ROJO
LLUVIAS EN SIERRA Y SELVA Y GRANIZO EN SIERRA SUR,027,2004-03-27,2004-03-27,2004-03-30,66 Hrs.,ROJO
LLUVIAS EN LA SIERRA,026,2004-03-24,2004-03-24,2004-03-27,72 Hrs.,ROJO
"LLUVIAS AISLADAS EN LA SIERRA, Y DISPERSAS EN LA SELVA NORTE Y CENTRAL",025,2004-03-22,2004-03-22,2004-03-24,48 Hrs.,ROJO
"LLUVIA EN LA SELVA Y SIERRA, NORTE Y CENTRO",024,2004-03-19,2004-03-19,2004-03-22,72 Hrs.,ROJO
VIENTO MODERADO EN LA COSTA Y FUERTE EN LA SIERRA SUR,023,2004-03-18,2004-03-18,2004-03-20,36 Hrs.,NARANJA
LLUVIA EN SIERRA Y SELVA Y GRANIZO EN SIERRA SUR,022,2004-03-16,2004-03-16,2004-03-19,72 Hrs.,NARANJA
LLUVIAS DISPERSAS EN LA SIERRA SUR Y LA SELVA,021,2004-03-09,2004-03-09,2004-03-12,72 Hrs.,
OLA DE CALOR EN LA COSTA,020,2004-02-26,2004-02-26,2004-02-28,60 Hrs.,ROJO
"LLUVIAS DE MODERADA A FUERTE INTENSIDAD EN LA SELVA, SIERRA CENTRAL Y SUR DEL PAIS",001,2003-01-07,2003-01-07,2003-01-11,96 Hrs.,NARANJA
